image,answer
/data3/zkachwal/ELSA_D3/0_real.png,real
/data3/zkachwal/ELSA_D3/2_image_gen0.png,ai-generated
/data3/zkachwal/ELSA_D3/3_image_gen0.png,ai-generated
/data3/zkachwal/ELSA_D3/4_image_gen0.png,ai-generated
/data3/zkachwal/ELSA_D3/6_image_gen3.png,ai-generated
/data3/zkachwal/ELSA_D3/7_image_gen1.png,ai-generated
/data3/zkachwal/ELSA_D3/8_image_gen3.png,ai-generated
/data3/zkachwal/ELSA_D3/9_image_gen0.png,ai-generated
/data3/zkachwal/ELSA_D3/9_image_gen2.png,ai-generated
/data3/zkachwal/ELSA_D3/11_real.png,real
/data3/zkachwal/ELSA_D3/12_real.png,real
/data3/zkachwal/ELSA_D3/12_image_gen2.png,ai-generated
/data3/zkachwal/ELSA_D3/14_image_gen1.png,ai-generated
/data3/zkachwal/ELSA_D3/16_real.png,real
/data3/zkachwal/ELSA_D3/17_image_gen1.png,ai-generated
/data3/zkachwal/ELSA_D3/18_real.png,real
/data3/zkachwal/ELSA_D3/19_image_gen2.png,ai-generated
/data3/zkachwal/ELSA_D3/20_image_gen1.png,ai-generated
/data3/zkachwal/ELSA_D3/22_image_gen1.png,ai-generated
/data3/zkachwal/ELSA_D3/23_real.png,real
/data3/zkachwal/ELSA_D3/23_image_gen2.png,ai-generated
/data3/zkachwal/ELSA_D3/24_image_gen1.png,ai-generated
/data3/zkachwal/ELSA_D3/26_real.png,real
/data3/zkachwal/ELSA_D3/27_image_gen3.png,ai-generated
/data3/zkachwal/ELSA_D3/29_real.png,real
/data3/zkachwal/ELSA_D3/29_image_gen2.png,ai-generated
/data3/zkachwal/ELSA_D3/30_image_gen2.png,ai-generated
/data3/zkachwal/ELSA_D3/31_image_gen0.png,ai-generated
/data3/zkachwal/ELSA_D3/31_image_gen1.png,ai-generated
/data3/zkachwal/ELSA_D3/31_image_gen3.png,ai-generated
/data3/zkachwal/ELSA_D3/32_image_gen2.png,ai-generated
/data3/zkachwal/ELSA_D3/35_image_gen2.png,ai-generated
/data3/zkachwal/ELSA_D3/36_image_gen0.png,ai-generated
/data3/zkachwal/ELSA_D3/39_real.png,real
/data3/zkachwal/ELSA_D3/40_image_gen2.png,ai-generated
/data3/zkachwal/ELSA_D3/42_real.png,real
/data3/zkachwal/ELSA_D3/42_image_gen3.png,ai-generated
/data3/zkachwal/ELSA_D3/43_image_gen0.png,ai-generated
/data3/zkachwal/ELSA_D3/43_image_gen1.png,ai-generated
/data3/zkachwal/ELSA_D3/43_image_gen3.png,ai-generated
/data3/zkachwal/ELSA_D3/47_real.png,real
/data3/zkachwal/ELSA_D3/47_image_gen1.png,ai-generated
/data3/zkachwal/ELSA_D3/48_image_gen1.png,ai-generated
/data3/zkachwal/ELSA_D3/49_real.png,real
/data3/zkachwal/ELSA_D3/49_image_gen3.png,ai-generated
/data3/zkachwal/ELSA_D3/51_image_gen1.png,ai-generated
/data3/zkachwal/ELSA_D3/53_real.png,real
/data3/zkachwal/ELSA_D3/53_image_gen1.png,ai-generated
/data3/zkachwal/ELSA_D3/54_image_gen3.png,ai-generated
/data3/zkachwal/ELSA_D3/55_image_gen2.png,ai-generated
/data3/zkachwal/ELSA_D3/56_image_gen1.png,ai-generated
/data3/zkachwal/ELSA_D3/56_image_gen2.png,ai-generated
/data3/zkachwal/ELSA_D3/58_image_gen1.png,ai-generated
/data3/zkachwal/ELSA_D3/59_image_gen0.png,ai-generated
/data3/zkachwal/ELSA_D3/59_image_gen2.png,ai-generated
/data3/zkachwal/ELSA_D3/60_image_gen1.png,ai-generated
/data3/zkachwal/ELSA_D3/61_image_gen3.png,ai-generated
/data3/zkachwal/ELSA_D3/62_image_gen2.png,ai-generated
/data3/zkachwal/ELSA_D3/63_image_gen0.png,ai-generated
/data3/zkachwal/ELSA_D3/64_image_gen3.png,ai-generated
/data3/zkachwal/ELSA_D3/65_image_gen0.png,ai-generated
/data3/zkachwal/ELSA_D3/65_image_gen2.png,ai-generated
/data3/zkachwal/ELSA_D3/66_image_gen3.png,ai-generated
/data3/zkachwal/ELSA_D3/67_image_gen1.png,ai-generated
/data3/zkachwal/ELSA_D3/67_image_gen3.png,ai-generated
/data3/zkachwal/ELSA_D3/68_image_gen2.png,ai-generated
/data3/zkachwal/ELSA_D3/69_image_gen0.png,ai-generated
/data3/zkachwal/ELSA_D3/70_real.png,real
/data3/zkachwal/ELSA_D3/70_image_gen1.png,ai-generated
/data3/zkachwal/ELSA_D3/73_image_gen0.png,ai-generated
/data3/zkachwal/ELSA_D3/75_image_gen2.png,ai-generated
/data3/zkachwal/ELSA_D3/76_image_gen0.png,ai-generated
/data3/zkachwal/ELSA_D3/77_image_gen1.png,ai-generated
/data3/zkachwal/ELSA_D3/77_image_gen2.png,ai-generated
/data3/zkachwal/ELSA_D3/78_image_gen1.png,ai-generated
/data3/zkachwal/ELSA_D3/79_image_gen3.png,ai-generated
/data3/zkachwal/ELSA_D3/82_image_gen3.png,ai-generated
/data3/zkachwal/ELSA_D3/85_image_gen1.png,ai-generated
/data3/zkachwal/ELSA_D3/87_image_gen2.png,ai-generated
/data3/zkachwal/ELSA_D3/89_image_gen3.png,ai-generated
/data3/zkachwal/ELSA_D3/90_image_gen3.png,ai-generated
/data3/zkachwal/ELSA_D3/92_image_gen0.png,ai-generated
/data3/zkachwal/ELSA_D3/94_image_gen2.png,ai-generated
/data3/zkachwal/ELSA_D3/94_image_gen3.png,ai-generated
/data3/zkachwal/ELSA_D3/95_real.png,real
/data3/zkachwal/ELSA_D3/95_image_gen0.png,ai-generated
/data3/zkachwal/ELSA_D3/96_image_gen2.png,ai-generated
/data3/zkachwal/ELSA_D3/99_image_gen0.png,ai-generated
/data3/zkachwal/ELSA_D3/101_real.png,real
/data3/zkachwal/ELSA_D3/101_image_gen0.png,ai-generated
/data3/zkachwal/ELSA_D3/101_image_gen2.png,ai-generated
/data3/zkachwal/ELSA_D3/104_real.png,real
/data3/zkachwal/ELSA_D3/104_image_gen1.png,ai-generated
/data3/zkachwal/ELSA_D3/105_image_gen2.png,ai-generated
/data3/zkachwal/ELSA_D3/106_image_gen1.png,ai-generated
/data3/zkachwal/ELSA_D3/107_image_gen0.png,ai-generated
/data3/zkachwal/ELSA_D3/110_real.png,real
/data3/zkachwal/ELSA_D3/110_image_gen0.png,ai-generated
/data3/zkachwal/ELSA_D3/110_image_gen1.png,ai-generated
/data3/zkachwal/ELSA_D3/112_image_gen3.png,ai-generated
/data3/zkachwal/ELSA_D3/113_image_gen1.png,ai-generated
/data3/zkachwal/ELSA_D3/114_image_gen1.png,ai-generated
/data3/zkachwal/ELSA_D3/116_image_gen0.png,ai-generated
/data3/zkachwal/ELSA_D3/116_image_gen3.png,ai-generated
/data3/zkachwal/ELSA_D3/117_image_gen0.png,ai-generated
/data3/zkachwal/ELSA_D3/118_image_gen0.png,ai-generated
/data3/zkachwal/ELSA_D3/118_image_gen3.png,ai-generated
/data3/zkachwal/ELSA_D3/122_real.png,real
/data3/zkachwal/ELSA_D3/122_image_gen0.png,ai-generated
/data3/zkachwal/ELSA_D3/125_image_gen1.png,ai-generated
/data3/zkachwal/ELSA_D3/126_image_gen2.png,ai-generated
/data3/zkachwal/ELSA_D3/138_image_gen3.png,ai-generated
/data3/zkachwal/ELSA_D3/140_image_gen0.png,ai-generated
/data3/zkachwal/ELSA_D3/140_image_gen1.png,ai-generated
/data3/zkachwal/ELSA_D3/141_image_gen2.png,ai-generated
/data3/zkachwal/ELSA_D3/142_image_gen3.png,ai-generated
/data3/zkachwal/ELSA_D3/144_image_gen0.png,ai-generated
/data3/zkachwal/ELSA_D3/144_image_gen3.png,ai-generated
/data3/zkachwal/ELSA_D3/145_image_gen1.png,ai-generated
/data3/zkachwal/ELSA_D3/145_image_gen3.png,ai-generated
/data3/zkachwal/ELSA_D3/146_image_gen3.png,ai-generated
/data3/zkachwal/ELSA_D3/147_image_gen0.png,ai-generated
/data3/zkachwal/ELSA_D3/148_real.png,real
/data3/zkachwal/ELSA_D3/148_image_gen0.png,ai-generated
/data3/zkachwal/ELSA_D3/148_image_gen1.png,ai-generated
/data3/zkachwal/ELSA_D3/152_image_gen3.png,ai-generated
/data3/zkachwal/ELSA_D3/153_real.png,real
/data3/zkachwal/ELSA_D3/155_image_gen1.png,ai-generated
/data3/zkachwal/ELSA_D3/155_image_gen2.png,ai-generated
/data3/zkachwal/ELSA_D3/155_image_gen3.png,ai-generated
/data3/zkachwal/ELSA_D3/157_real.png,real
/data3/zkachwal/ELSA_D3/159_real.png,real
/data3/zkachwal/ELSA_D3/161_image_gen2.png,ai-generated
/data3/zkachwal/ELSA_D3/162_image_gen3.png,ai-generated
/data3/zkachwal/ELSA_D3/163_real.png,real
/data3/zkachwal/ELSA_D3/163_image_gen1.png,ai-generated
/data3/zkachwal/ELSA_D3/164_image_gen2.png,ai-generated
/data3/zkachwal/ELSA_D3/165_image_gen3.png,ai-generated
/data3/zkachwal/ELSA_D3/168_image_gen0.png,ai-generated
/data3/zkachwal/ELSA_D3/168_image_gen3.png,ai-generated
/data3/zkachwal/ELSA_D3/169_image_gen0.png,ai-generated
/data3/zkachwal/ELSA_D3/169_image_gen1.png,ai-generated
/data3/zkachwal/ELSA_D3/170_image_gen0.png,ai-generated
/data3/zkachwal/ELSA_D3/170_image_gen3.png,ai-generated
/data3/zkachwal/ELSA_D3/172_image_gen1.png,ai-generated
/data3/zkachwal/ELSA_D3/176_image_gen2.png,ai-generated
/data3/zkachwal/ELSA_D3/178_image_gen0.png,ai-generated
/data3/zkachwal/ELSA_D3/179_image_gen1.png,ai-generated
/data3/zkachwal/ELSA_D3/180_real.png,real
/data3/zkachwal/ELSA_D3/181_real.png,real
/data3/zkachwal/ELSA_D3/183_image_gen0.png,ai-generated
/data3/zkachwal/ELSA_D3/184_image_gen2.png,ai-generated
/data3/zkachwal/ELSA_D3/185_image_gen1.png,ai-generated
/data3/zkachwal/ELSA_D3/185_image_gen2.png,ai-generated
/data3/zkachwal/ELSA_D3/185_image_gen3.png,ai-generated
/data3/zkachwal/ELSA_D3/186_real.png,real
/data3/zkachwal/ELSA_D3/187_real.png,real
/data3/zkachwal/ELSA_D3/187_image_gen1.png,ai-generated
/data3/zkachwal/ELSA_D3/187_image_gen3.png,ai-generated
/data3/zkachwal/ELSA_D3/188_image_gen0.png,ai-generated
/data3/zkachwal/ELSA_D3/189_image_gen2.png,ai-generated
/data3/zkachwal/ELSA_D3/189_image_gen3.png,ai-generated
/data3/zkachwal/ELSA_D3/190_real.png,real
/data3/zkachwal/ELSA_D3/191_image_gen0.png,ai-generated
/data3/zkachwal/ELSA_D3/191_image_gen3.png,ai-generated
/data3/zkachwal/ELSA_D3/192_image_gen2.png,ai-generated
/data3/zkachwal/ELSA_D3/194_real.png,real
/data3/zkachwal/ELSA_D3/196_real.png,real
/data3/zkachwal/ELSA_D3/196_image_gen3.png,ai-generated
/data3/zkachwal/ELSA_D3/199_image_gen0.png,ai-generated
/data3/zkachwal/ELSA_D3/199_image_gen2.png,ai-generated
/data3/zkachwal/ELSA_D3/200_image_gen0.png,ai-generated
/data3/zkachwal/ELSA_D3/201_real.png,real
/data3/zkachwal/ELSA_D3/202_image_gen0.png,ai-generated
/data3/zkachwal/ELSA_D3/202_image_gen2.png,ai-generated
/data3/zkachwal/ELSA_D3/203_image_gen3.png,ai-generated
/data3/zkachwal/ELSA_D3/204_real.png,real
/data3/zkachwal/ELSA_D3/205_image_gen3.png,ai-generated
/data3/zkachwal/ELSA_D3/206_image_gen2.png,ai-generated
/data3/zkachwal/ELSA_D3/208_image_gen2.png,ai-generated
/data3/zkachwal/ELSA_D3/209_image_gen1.png,ai-generated
/data3/zkachwal/ELSA_D3/210_real.png,real
/data3/zkachwal/ELSA_D3/210_image_gen0.png,ai-generated
/data3/zkachwal/ELSA_D3/211_image_gen2.png,ai-generated
/data3/zkachwal/ELSA_D3/212_image_gen1.png,ai-generated
/data3/zkachwal/ELSA_D3/212_image_gen2.png,ai-generated
/data3/zkachwal/ELSA_D3/213_image_gen2.png,ai-generated
/data3/zkachwal/ELSA_D3/213_image_gen3.png,ai-generated
/data3/zkachwal/ELSA_D3/215_image_gen3.png,ai-generated
/data3/zkachwal/ELSA_D3/217_image_gen0.png,ai-generated
/data3/zkachwal/ELSA_D3/218_image_gen0.png,ai-generated
/data3/zkachwal/ELSA_D3/218_image_gen1.png,ai-generated
/data3/zkachwal/ELSA_D3/218_image_gen2.png,ai-generated
/data3/zkachwal/ELSA_D3/218_image_gen3.png,ai-generated
/data3/zkachwal/ELSA_D3/219_image_gen1.png,ai-generated
/data3/zkachwal/ELSA_D3/220_real.png,real
/data3/zkachwal/ELSA_D3/220_image_gen3.png,ai-generated
/data3/zkachwal/ELSA_D3/221_image_gen0.png,ai-generated
/data3/zkachwal/ELSA_D3/222_real.png,real
/data3/zkachwal/ELSA_D3/225_image_gen2.png,ai-generated
/data3/zkachwal/ELSA_D3/226_image_gen1.png,ai-generated
/data3/zkachwal/ELSA_D3/226_image_gen3.png,ai-generated
/data3/zkachwal/ELSA_D3/228_image_gen0.png,ai-generated
/data3/zkachwal/ELSA_D3/228_image_gen3.png,ai-generated
/data3/zkachwal/ELSA_D3/231_image_gen0.png,ai-generated
/data3/zkachwal/ELSA_D3/231_image_gen1.png,ai-generated
/data3/zkachwal/ELSA_D3/232_real.png,real
/data3/zkachwal/ELSA_D3/232_image_gen0.png,ai-generated
/data3/zkachwal/ELSA_D3/232_image_gen3.png,ai-generated
/data3/zkachwal/ELSA_D3/234_real.png,real
/data3/zkachwal/ELSA_D3/234_image_gen0.png,ai-generated
/data3/zkachwal/ELSA_D3/237_image_gen0.png,ai-generated
/data3/zkachwal/ELSA_D3/240_image_gen1.png,ai-generated
/data3/zkachwal/ELSA_D3/242_image_gen0.png,ai-generated
/data3/zkachwal/ELSA_D3/242_image_gen1.png,ai-generated
/data3/zkachwal/ELSA_D3/246_image_gen1.png,ai-generated
/data3/zkachwal/ELSA_D3/247_image_gen0.png,ai-generated
/data3/zkachwal/ELSA_D3/247_image_gen1.png,ai-generated
/data3/zkachwal/ELSA_D3/247_image_gen3.png,ai-generated
/data3/zkachwal/ELSA_D3/248_image_gen1.png,ai-generated
/data3/zkachwal/ELSA_D3/249_image_gen2.png,ai-generated
/data3/zkachwal/ELSA_D3/250_image_gen2.png,ai-generated
/data3/zkachwal/ELSA_D3/251_image_gen0.png,ai-generated
/data3/zkachwal/ELSA_D3/251_image_gen1.png,ai-generated
/data3/zkachwal/ELSA_D3/255_real.png,real
/data3/zkachwal/ELSA_D3/255_image_gen0.png,ai-generated
/data3/zkachwal/ELSA_D3/256_image_gen2.png,ai-generated
/data3/zkachwal/ELSA_D3/256_image_gen3.png,ai-generated
/data3/zkachwal/ELSA_D3/258_image_gen3.png,ai-generated
/data3/zkachwal/ELSA_D3/259_image_gen0.png,ai-generated
/data3/zkachwal/ELSA_D3/260_real.png,real
/data3/zkachwal/ELSA_D3/260_image_gen0.png,ai-generated
/data3/zkachwal/ELSA_D3/264_image_gen2.png,ai-generated
/data3/zkachwal/ELSA_D3/268_image_gen0.png,ai-generated
/data3/zkachwal/ELSA_D3/268_image_gen2.png,ai-generated
/data3/zkachwal/ELSA_D3/268_image_gen3.png,ai-generated
/data3/zkachwal/ELSA_D3/273_image_gen0.png,ai-generated
/data3/zkachwal/ELSA_D3/278_real.png,real
/data3/zkachwal/ELSA_D3/278_image_gen0.png,ai-generated
/data3/zkachwal/ELSA_D3/279_image_gen2.png,ai-generated
/data3/zkachwal/ELSA_D3/280_image_gen1.png,ai-generated
/data3/zkachwal/ELSA_D3/281_image_gen0.png,ai-generated
/data3/zkachwal/ELSA_D3/281_image_gen3.png,ai-generated
/data3/zkachwal/ELSA_D3/282_image_gen3.png,ai-generated
/data3/zkachwal/ELSA_D3/286_image_gen0.png,ai-generated
/data3/zkachwal/ELSA_D3/286_image_gen3.png,ai-generated
/data3/zkachwal/ELSA_D3/289_image_gen0.png,ai-generated
/data3/zkachwal/ELSA_D3/289_image_gen3.png,ai-generated
/data3/zkachwal/ELSA_D3/291_image_gen2.png,ai-generated
/data3/zkachwal/ELSA_D3/292_image_gen0.png,ai-generated
/data3/zkachwal/ELSA_D3/293_image_gen1.png,ai-generated
/data3/zkachwal/ELSA_D3/293_image_gen2.png,ai-generated
/data3/zkachwal/ELSA_D3/294_image_gen1.png,ai-generated
/data3/zkachwal/ELSA_D3/294_image_gen2.png,ai-generated
/data3/zkachwal/ELSA_D3/296_image_gen2.png,ai-generated
/data3/zkachwal/ELSA_D3/297_real.png,real
/data3/zkachwal/ELSA_D3/297_image_gen1.png,ai-generated
/data3/zkachwal/ELSA_D3/298_real.png,real
/data3/zkachwal/ELSA_D3/298_image_gen1.png,ai-generated
/data3/zkachwal/ELSA_D3/299_image_gen1.png,ai-generated
/data3/zkachwal/ELSA_D3/304_image_gen2.png,ai-generated
/data3/zkachwal/ELSA_D3/306_real.png,real
/data3/zkachwal/ELSA_D3/308_image_gen0.png,ai-generated
/data3/zkachwal/ELSA_D3/309_image_gen1.png,ai-generated
/data3/zkachwal/ELSA_D3/310_image_gen0.png,ai-generated
/data3/zkachwal/ELSA_D3/310_image_gen2.png,ai-generated
/data3/zkachwal/ELSA_D3/313_image_gen0.png,ai-generated
/data3/zkachwal/ELSA_D3/314_image_gen3.png,ai-generated
/data3/zkachwal/ELSA_D3/316_image_gen1.png,ai-generated
/data3/zkachwal/ELSA_D3/316_image_gen2.png,ai-generated
/data3/zkachwal/ELSA_D3/318_image_gen1.png,ai-generated
/data3/zkachwal/ELSA_D3/320_image_gen1.png,ai-generated
/data3/zkachwal/ELSA_D3/322_image_gen1.png,ai-generated
/data3/zkachwal/ELSA_D3/325_image_gen1.png,ai-generated
/data3/zkachwal/ELSA_D3/327_image_gen3.png,ai-generated
/data3/zkachwal/ELSA_D3/329_image_gen3.png,ai-generated
/data3/zkachwal/ELSA_D3/334_image_gen0.png,ai-generated
/data3/zkachwal/ELSA_D3/336_image_gen3.png,ai-generated
/data3/zkachwal/ELSA_D3/338_image_gen2.png,ai-generated
/data3/zkachwal/ELSA_D3/338_image_gen3.png,ai-generated
/data3/zkachwal/ELSA_D3/339_image_gen0.png,ai-generated
/data3/zkachwal/ELSA_D3/341_real.png,real
/data3/zkachwal/ELSA_D3/341_image_gen2.png,ai-generated
/data3/zkachwal/ELSA_D3/343_image_gen0.png,ai-generated
/data3/zkachwal/ELSA_D3/344_image_gen1.png,ai-generated
/data3/zkachwal/ELSA_D3/344_image_gen2.png,ai-generated
/data3/zkachwal/ELSA_D3/345_image_gen0.png,ai-generated
/data3/zkachwal/ELSA_D3/345_image_gen2.png,ai-generated
/data3/zkachwal/ELSA_D3/345_image_gen3.png,ai-generated
/data3/zkachwal/ELSA_D3/347_real.png,real
/data3/zkachwal/ELSA_D3/347_image_gen0.png,ai-generated
/data3/zkachwal/ELSA_D3/348_image_gen1.png,ai-generated
/data3/zkachwal/ELSA_D3/349_real.png,real
/data3/zkachwal/ELSA_D3/349_image_gen1.png,ai-generated
/data3/zkachwal/ELSA_D3/350_real.png,real
/data3/zkachwal/ELSA_D3/352_image_gen2.png,ai-generated
/data3/zkachwal/ELSA_D3/355_image_gen1.png,ai-generated
/data3/zkachwal/ELSA_D3/356_image_gen1.png,ai-generated
/data3/zkachwal/ELSA_D3/356_image_gen2.png,ai-generated
/data3/zkachwal/ELSA_D3/357_real.png,real
/data3/zkachwal/ELSA_D3/358_image_gen1.png,ai-generated
/data3/zkachwal/ELSA_D3/359_image_gen0.png,ai-generated
/data3/zkachwal/ELSA_D3/361_image_gen1.png,ai-generated
/data3/zkachwal/ELSA_D3/361_image_gen2.png,ai-generated
/data3/zkachwal/ELSA_D3/361_image_gen3.png,ai-generated
/data3/zkachwal/ELSA_D3/363_image_gen0.png,ai-generated
/data3/zkachwal/ELSA_D3/364_real.png,real
/data3/zkachwal/ELSA_D3/364_image_gen0.png,ai-generated
/data3/zkachwal/ELSA_D3/367_image_gen3.png,ai-generated
/data3/zkachwal/ELSA_D3/370_image_gen1.png,ai-generated
/data3/zkachwal/ELSA_D3/370_image_gen3.png,ai-generated
/data3/zkachwal/ELSA_D3/371_image_gen0.png,ai-generated
/data3/zkachwal/ELSA_D3/372_image_gen2.png,ai-generated
/data3/zkachwal/ELSA_D3/373_image_gen2.png,ai-generated
/data3/zkachwal/ELSA_D3/374_real.png,real
/data3/zkachwal/ELSA_D3/374_image_gen1.png,ai-generated
/data3/zkachwal/ELSA_D3/375_image_gen3.png,ai-generated
/data3/zkachwal/ELSA_D3/377_image_gen1.png,ai-generated
/data3/zkachwal/ELSA_D3/379_real.png,real
/data3/zkachwal/ELSA_D3/444_real.png,real
/data3/zkachwal/ELSA_D3/379_image_gen0.png,ai-generated
/data3/zkachwal/ELSA_D3/379_image_gen1.png,ai-generated
/data3/zkachwal/ELSA_D3/380_real.png,real
/data3/zkachwal/ELSA_D3/380_image_gen3.png,ai-generated
/data3/zkachwal/ELSA_D3/385_image_gen1.png,ai-generated
/data3/zkachwal/ELSA_D3/387_image_gen2.png,ai-generated
/data3/zkachwal/ELSA_D3/388_image_gen3.png,ai-generated
/data3/zkachwal/ELSA_D3/390_image_gen1.png,ai-generated
/data3/zkachwal/ELSA_D3/391_image_gen0.png,ai-generated
/data3/zkachwal/ELSA_D3/391_image_gen2.png,ai-generated
/data3/zkachwal/ELSA_D3/391_image_gen3.png,ai-generated
/data3/zkachwal/ELSA_D3/394_image_gen2.png,ai-generated
/data3/zkachwal/ELSA_D3/395_real.png,real
/data3/zkachwal/ELSA_D3/399_real.png,real
/data3/zkachwal/ELSA_D3/402_image_gen0.png,ai-generated
/data3/zkachwal/ELSA_D3/402_image_gen1.png,ai-generated
/data3/zkachwal/ELSA_D3/402_image_gen2.png,ai-generated
/data3/zkachwal/ELSA_D3/404_image_gen3.png,ai-generated
/data3/zkachwal/ELSA_D3/405_image_gen2.png,ai-generated
/data3/zkachwal/ELSA_D3/405_image_gen3.png,ai-generated
/data3/zkachwal/ELSA_D3/406_image_gen0.png,ai-generated
/data3/zkachwal/ELSA_D3/408_real.png,real
/data3/zkachwal/ELSA_D3/410_image_gen3.png,ai-generated
/data3/zkachwal/ELSA_D3/411_image_gen2.png,ai-generated
/data3/zkachwal/ELSA_D3/412_real.png,real
/data3/zkachwal/ELSA_D3/413_real.png,real
/data3/zkachwal/ELSA_D3/413_image_gen0.png,ai-generated
/data3/zkachwal/ELSA_D3/414_image_gen3.png,ai-generated
/data3/zkachwal/ELSA_D3/415_image_gen0.png,ai-generated
/data3/zkachwal/ELSA_D3/415_image_gen2.png,ai-generated
/data3/zkachwal/ELSA_D3/416_real.png,real
/data3/zkachwal/ELSA_D3/416_image_gen3.png,ai-generated
/data3/zkachwal/ELSA_D3/422_image_gen1.png,ai-generated
/data3/zkachwal/ELSA_D3/422_image_gen3.png,ai-generated
/data3/zkachwal/ELSA_D3/423_image_gen1.png,ai-generated
/data3/zkachwal/ELSA_D3/424_real.png,real
/data3/zkachwal/ELSA_D3/424_image_gen1.png,ai-generated
/data3/zkachwal/ELSA_D3/425_image_gen2.png,ai-generated
/data3/zkachwal/ELSA_D3/425_image_gen3.png,ai-generated
/data3/zkachwal/ELSA_D3/426_image_gen3.png,ai-generated
/data3/zkachwal/ELSA_D3/428_image_gen2.png,ai-generated
/data3/zkachwal/ELSA_D3/429_image_gen0.png,ai-generated
/data3/zkachwal/ELSA_D3/430_image_gen0.png,ai-generated
/data3/zkachwal/ELSA_D3/430_image_gen2.png,ai-generated
/data3/zkachwal/ELSA_D3/433_real.png,real
/data3/zkachwal/ELSA_D3/434_image_gen1.png,ai-generated
/data3/zkachwal/ELSA_D3/435_image_gen0.png,ai-generated
/data3/zkachwal/ELSA_D3/436_image_gen0.png,ai-generated
/data3/zkachwal/ELSA_D3/438_real.png,real
/data3/zkachwal/ELSA_D3/439_image_gen0.png,ai-generated
/data3/zkachwal/ELSA_D3/439_image_gen3.png,ai-generated
/data3/zkachwal/ELSA_D3/440_real.png,real
/data3/zkachwal/ELSA_D3/440_image_gen3.png,ai-generated
/data3/zkachwal/ELSA_D3/441_real.png,real
/data3/zkachwal/ELSA_D3/441_image_gen3.png,ai-generated
/data3/zkachwal/ELSA_D3/442_image_gen2.png,ai-generated
/data3/zkachwal/ELSA_D3/445_image_gen1.png,ai-generated
/data3/zkachwal/ELSA_D3/446_real.png,real
/data3/zkachwal/ELSA_D3/446_image_gen3.png,ai-generated
/data3/zkachwal/ELSA_D3/448_real.png,real
/data3/zkachwal/ELSA_D3/448_image_gen0.png,ai-generated
/data3/zkachwal/ELSA_D3/448_image_gen3.png,ai-generated
/data3/zkachwal/ELSA_D3/449_image_gen0.png,ai-generated
/data3/zkachwal/ELSA_D3/449_image_gen2.png,ai-generated
/data3/zkachwal/ELSA_D3/451_image_gen3.png,ai-generated
/data3/zkachwal/ELSA_D3/454_real.png,real
/data3/zkachwal/ELSA_D3/454_image_gen3.png,ai-generated
/data3/zkachwal/ELSA_D3/456_real.png,real
/data3/zkachwal/ELSA_D3/459_image_gen0.png,ai-generated
/data3/zkachwal/ELSA_D3/459_image_gen3.png,ai-generated
/data3/zkachwal/ELSA_D3/461_real.png,real
/data3/zkachwal/ELSA_D3/461_image_gen2.png,ai-generated
/data3/zkachwal/ELSA_D3/461_image_gen3.png,ai-generated
/data3/zkachwal/ELSA_D3/462_real.png,real
/data3/zkachwal/ELSA_D3/462_image_gen0.png,ai-generated
/data3/zkachwal/ELSA_D3/462_image_gen3.png,ai-generated
/data3/zkachwal/ELSA_D3/463_real.png,real
/data3/zkachwal/ELSA_D3/465_image_gen0.png,ai-generated
/data3/zkachwal/ELSA_D3/471_image_gen0.png,ai-generated
/data3/zkachwal/ELSA_D3/473_image_gen3.png,ai-generated
/data3/zkachwal/ELSA_D3/474_image_gen0.png,ai-generated
/data3/zkachwal/ELSA_D3/474_image_gen2.png,ai-generated
/data3/zkachwal/ELSA_D3/475_image_gen2.png,ai-generated
/data3/zkachwal/ELSA_D3/477_image_gen0.png,ai-generated
/data3/zkachwal/ELSA_D3/478_image_gen2.png,ai-generated
/data3/zkachwal/ELSA_D3/480_image_gen2.png,ai-generated
/data3/zkachwal/ELSA_D3/481_real.png,real
/data3/zkachwal/ELSA_D3/481_image_gen2.png,ai-generated
/data3/zkachwal/ELSA_D3/482_real.png,real
/data3/zkachwal/ELSA_D3/482_image_gen0.png,ai-generated
/data3/zkachwal/ELSA_D3/482_image_gen3.png,ai-generated
/data3/zkachwal/ELSA_D3/484_image_gen2.png,ai-generated
/data3/zkachwal/ELSA_D3/487_real.png,real
/data3/zkachwal/ELSA_D3/487_image_gen1.png,ai-generated
/data3/zkachwal/ELSA_D3/488_image_gen1.png,ai-generated
/data3/zkachwal/ELSA_D3/489_real.png,real
/data3/zkachwal/ELSA_D3/489_image_gen0.png,ai-generated
/data3/zkachwal/ELSA_D3/489_image_gen1.png,ai-generated
/data3/zkachwal/ELSA_D3/495_image_gen3.png,ai-generated
/data3/zkachwal/ELSA_D3/497_real.png,real
/data3/zkachwal/ELSA_D3/497_image_gen1.png,ai-generated
/data3/zkachwal/ELSA_D3/498_real.png,real
/data3/zkachwal/ELSA_D3/500_image_gen0.png,ai-generated
/data3/zkachwal/ELSA_D3/501_real.png,real
/data3/zkachwal/ELSA_D3/501_image_gen0.png,ai-generated
/data3/zkachwal/ELSA_D3/502_image_gen2.png,ai-generated
/data3/zkachwal/ELSA_D3/502_image_gen3.png,ai-generated
/data3/zkachwal/ELSA_D3/505_image_gen2.png,ai-generated
/data3/zkachwal/ELSA_D3/506_image_gen1.png,ai-generated
/data3/zkachwal/ELSA_D3/507_image_gen0.png,ai-generated
/data3/zkachwal/ELSA_D3/509_image_gen1.png,ai-generated
/data3/zkachwal/ELSA_D3/509_image_gen3.png,ai-generated
/data3/zkachwal/ELSA_D3/511_real.png,real
/data3/zkachwal/ELSA_D3/511_image_gen1.png,ai-generated
/data3/zkachwal/ELSA_D3/512_real.png,real
/data3/zkachwal/ELSA_D3/514_image_gen0.png,ai-generated
/data3/zkachwal/ELSA_D3/514_image_gen1.png,ai-generated
/data3/zkachwal/ELSA_D3/514_image_gen3.png,ai-generated
/data3/zkachwal/ELSA_D3/515_real.png,real
/data3/zkachwal/ELSA_D3/516_real.png,real
/data3/zkachwal/ELSA_D3/518_image_gen0.png,ai-generated
/data3/zkachwal/ELSA_D3/518_image_gen1.png,ai-generated
/data3/zkachwal/ELSA_D3/520_image_gen0.png,ai-generated
/data3/zkachwal/ELSA_D3/520_image_gen3.png,ai-generated
/data3/zkachwal/ELSA_D3/521_image_gen1.png,ai-generated
/data3/zkachwal/ELSA_D3/523_real.png,real
/data3/zkachwal/ELSA_D3/523_image_gen0.png,ai-generated
/data3/zkachwal/ELSA_D3/523_image_gen1.png,ai-generated
/data3/zkachwal/ELSA_D3/525_image_gen0.png,ai-generated
/data3/zkachwal/ELSA_D3/525_image_gen3.png,ai-generated
/data3/zkachwal/ELSA_D3/526_image_gen0.png,ai-generated
/data3/zkachwal/ELSA_D3/526_image_gen1.png,ai-generated
/data3/zkachwal/ELSA_D3/527_image_gen1.png,ai-generated
/data3/zkachwal/ELSA_D3/528_image_gen2.png,ai-generated
/data3/zkachwal/ELSA_D3/529_real.png,real
/data3/zkachwal/ELSA_D3/530_real.png,real
/data3/zkachwal/ELSA_D3/532_image_gen0.png,ai-generated
/data3/zkachwal/ELSA_D3/533_image_gen1.png,ai-generated
/data3/zkachwal/ELSA_D3/533_image_gen3.png,ai-generated
/data3/zkachwal/ELSA_D3/534_real.png,real
/data3/zkachwal/ELSA_D3/534_image_gen0.png,ai-generated
/data3/zkachwal/ELSA_D3/534_image_gen3.png,ai-generated
/data3/zkachwal/ELSA_D3/535_real.png,real
/data3/zkachwal/ELSA_D3/535_image_gen0.png,ai-generated
/data3/zkachwal/ELSA_D3/536_image_gen0.png,ai-generated
/data3/zkachwal/ELSA_D3/540_real.png,real
/data3/zkachwal/ELSA_D3/540_image_gen3.png,ai-generated
/data3/zkachwal/ELSA_D3/541_image_gen1.png,ai-generated
/data3/zkachwal/ELSA_D3/541_image_gen3.png,ai-generated
/data3/zkachwal/ELSA_D3/542_image_gen0.png,ai-generated
/data3/zkachwal/ELSA_D3/542_image_gen2.png,ai-generated
/data3/zkachwal/ELSA_D3/544_real.png,real
/data3/zkachwal/ELSA_D3/544_image_gen0.png,ai-generated
/data3/zkachwal/ELSA_D3/545_real.png,real
/data3/zkachwal/ELSA_D3/545_image_gen3.png,ai-generated
/data3/zkachwal/ELSA_D3/548_image_gen0.png,ai-generated
/data3/zkachwal/ELSA_D3/548_image_gen2.png,ai-generated
/data3/zkachwal/ELSA_D3/551_real.png,real
/data3/zkachwal/ELSA_D3/551_image_gen2.png,ai-generated
/data3/zkachwal/ELSA_D3/552_image_gen0.png,ai-generated
/data3/zkachwal/ELSA_D3/553_image_gen1.png,ai-generated
/data3/zkachwal/ELSA_D3/555_image_gen2.png,ai-generated
/data3/zkachwal/ELSA_D3/558_image_gen1.png,ai-generated
/data3/zkachwal/ELSA_D3/558_image_gen3.png,ai-generated
/data3/zkachwal/ELSA_D3/564_image_gen1.png,ai-generated
/data3/zkachwal/ELSA_D3/569_image_gen0.png,ai-generated
/data3/zkachwal/ELSA_D3/570_real.png,real
/data3/zkachwal/ELSA_D3/571_image_gen1.png,ai-generated
/data3/zkachwal/ELSA_D3/572_real.png,real
/data3/zkachwal/ELSA_D3/572_image_gen0.png,ai-generated
/data3/zkachwal/ELSA_D3/574_image_gen2.png,ai-generated
/data3/zkachwal/ELSA_D3/576_image_gen1.png,ai-generated
/data3/zkachwal/ELSA_D3/577_image_gen3.png,ai-generated
/data3/zkachwal/ELSA_D3/578_real.png,real
/data3/zkachwal/ELSA_D3/578_image_gen0.png,ai-generated
/data3/zkachwal/ELSA_D3/578_image_gen3.png,ai-generated
/data3/zkachwal/ELSA_D3/581_image_gen3.png,ai-generated
/data3/zkachwal/ELSA_D3/582_image_gen1.png,ai-generated
/data3/zkachwal/ELSA_D3/582_image_gen2.png,ai-generated
/data3/zkachwal/ELSA_D3/584_image_gen0.png,ai-generated
/data3/zkachwal/ELSA_D3/584_image_gen1.png,ai-generated
/data3/zkachwal/ELSA_D3/586_image_gen2.png,ai-generated
/data3/zkachwal/ELSA_D3/586_image_gen3.png,ai-generated
/data3/zkachwal/ELSA_D3/589_image_gen1.png,ai-generated
/data3/zkachwal/ELSA_D3/590_image_gen2.png,ai-generated
/data3/zkachwal/ELSA_D3/594_real.png,real
/data3/zkachwal/ELSA_D3/596_real.png,real
/data3/zkachwal/ELSA_D3/596_image_gen2.png,ai-generated
/data3/zkachwal/ELSA_D3/597_real.png,real
/data3/zkachwal/ELSA_D3/597_image_gen0.png,ai-generated
/data3/zkachwal/ELSA_D3/598_image_gen3.png,ai-generated
/data3/zkachwal/ELSA_D3/600_image_gen2.png,ai-generated
/data3/zkachwal/ELSA_D3/601_image_gen0.png,ai-generated
/data3/zkachwal/ELSA_D3/601_image_gen1.png,ai-generated
/data3/zkachwal/ELSA_D3/601_image_gen3.png,ai-generated
/data3/zkachwal/ELSA_D3/603_image_gen1.png,ai-generated
/data3/zkachwal/ELSA_D3/603_image_gen2.png,ai-generated
/data3/zkachwal/ELSA_D3/604_image_gen2.png,ai-generated
/data3/zkachwal/ELSA_D3/606_image_gen1.png,ai-generated
/data3/zkachwal/ELSA_D3/606_image_gen3.png,ai-generated
/data3/zkachwal/ELSA_D3/607_image_gen0.png,ai-generated
/data3/zkachwal/ELSA_D3/609_image_gen0.png,ai-generated
/data3/zkachwal/ELSA_D3/609_image_gen3.png,ai-generated
/data3/zkachwal/ELSA_D3/610_image_gen1.png,ai-generated
/data3/zkachwal/ELSA_D3/611_image_gen0.png,ai-generated
/data3/zkachwal/ELSA_D3/613_image_gen1.png,ai-generated
/data3/zkachwal/ELSA_D3/614_image_gen1.png,ai-generated
/data3/zkachwal/ELSA_D3/615_image_gen0.png,ai-generated
/data3/zkachwal/ELSA_D3/617_image_gen3.png,ai-generated
/data3/zkachwal/ELSA_D3/618_image_gen2.png,ai-generated
/data3/zkachwal/ELSA_D3/620_image_gen0.png,ai-generated
/data3/zkachwal/ELSA_D3/621_image_gen2.png,ai-generated
/data3/zkachwal/ELSA_D3/624_image_gen1.png,ai-generated
/data3/zkachwal/ELSA_D3/626_image_gen0.png,ai-generated
/data3/zkachwal/ELSA_D3/626_image_gen2.png,ai-generated
/data3/zkachwal/ELSA_D3/626_image_gen3.png,ai-generated
/data3/zkachwal/ELSA_D3/629_real.png,real
/data3/zkachwal/ELSA_D3/629_image_gen1.png,ai-generated
/data3/zkachwal/ELSA_D3/632_image_gen2.png,ai-generated
/data3/zkachwal/ELSA_D3/632_image_gen3.png,ai-generated
/data3/zkachwal/ELSA_D3/633_real.png,real
/data3/zkachwal/ELSA_D3/633_image_gen3.png,ai-generated
/data3/zkachwal/ELSA_D3/634_image_gen0.png,ai-generated
/data3/zkachwal/ELSA_D3/634_image_gen3.png,ai-generated
/data3/zkachwal/ELSA_D3/635_image_gen0.png,ai-generated
/data3/zkachwal/ELSA_D3/636_image_gen2.png,ai-generated
/data3/zkachwal/ELSA_D3/639_image_gen0.png,ai-generated
/data3/zkachwal/ELSA_D3/640_real.png,real
/data3/zkachwal/ELSA_D3/640_image_gen0.png,ai-generated
/data3/zkachwal/ELSA_D3/642_image_gen0.png,ai-generated
/data3/zkachwal/ELSA_D3/642_image_gen3.png,ai-generated
/data3/zkachwal/ELSA_D3/643_image_gen1.png,ai-generated
/data3/zkachwal/ELSA_D3/643_image_gen3.png,ai-generated
/data3/zkachwal/ELSA_D3/644_real.png,real
/data3/zkachwal/ELSA_D3/644_image_gen1.png,ai-generated
/data3/zkachwal/ELSA_D3/644_image_gen3.png,ai-generated
/data3/zkachwal/ELSA_D3/646_image_gen0.png,ai-generated
/data3/zkachwal/ELSA_D3/648_image_gen0.png,ai-generated
/data3/zkachwal/ELSA_D3/648_image_gen2.png,ai-generated
/data3/zkachwal/ELSA_D3/651_image_gen0.png,ai-generated
/data3/zkachwal/ELSA_D3/652_real.png,real
/data3/zkachwal/ELSA_D3/652_image_gen0.png,ai-generated
/data3/zkachwal/ELSA_D3/653_image_gen3.png,ai-generated
/data3/zkachwal/ELSA_D3/655_image_gen2.png,ai-generated
/data3/zkachwal/ELSA_D3/656_image_gen2.png,ai-generated
/data3/zkachwal/ELSA_D3/658_image_gen0.png,ai-generated
/data3/zkachwal/ELSA_D3/658_image_gen1.png,ai-generated
/data3/zkachwal/ELSA_D3/660_image_gen0.png,ai-generated
/data3/zkachwal/ELSA_D3/661_image_gen0.png,ai-generated
/data3/zkachwal/ELSA_D3/661_image_gen1.png,ai-generated
/data3/zkachwal/ELSA_D3/661_image_gen2.png,ai-generated
/data3/zkachwal/ELSA_D3/662_real.png,real
/data3/zkachwal/ELSA_D3/662_image_gen2.png,ai-generated
/data3/zkachwal/ELSA_D3/664_image_gen1.png,ai-generated
/data3/zkachwal/ELSA_D3/665_image_gen0.png,ai-generated
/data3/zkachwal/ELSA_D3/665_image_gen1.png,ai-generated
/data3/zkachwal/ELSA_D3/665_image_gen2.png,ai-generated
/data3/zkachwal/ELSA_D3/667_real.png,real
/data3/zkachwal/ELSA_D3/667_image_gen3.png,ai-generated
/data3/zkachwal/ELSA_D3/670_real.png,real
/data3/zkachwal/ELSA_D3/671_real.png,real
/data3/zkachwal/ELSA_D3/671_image_gen3.png,ai-generated
/data3/zkachwal/ELSA_D3/672_image_gen1.png,ai-generated
/data3/zkachwal/ELSA_D3/673_image_gen0.png,ai-generated
/data3/zkachwal/ELSA_D3/675_image_gen1.png,ai-generated
/data3/zkachwal/ELSA_D3/676_real.png,real
/data3/zkachwal/ELSA_D3/676_image_gen2.png,ai-generated
/data3/zkachwal/ELSA_D3/677_image_gen1.png,ai-generated
/data3/zkachwal/ELSA_D3/677_image_gen3.png,ai-generated
/data3/zkachwal/ELSA_D3/680_image_gen2.png,ai-generated
/data3/zkachwal/ELSA_D3/681_real.png,real
/data3/zkachwal/ELSA_D3/681_image_gen3.png,ai-generated
/data3/zkachwal/ELSA_D3/682_real.png,real
/data3/zkachwal/ELSA_D3/683_image_gen0.png,ai-generated
/data3/zkachwal/ELSA_D3/685_image_gen1.png,ai-generated
/data3/zkachwal/ELSA_D3/686_image_gen1.png,ai-generated
/data3/zkachwal/ELSA_D3/686_image_gen3.png,ai-generated
/data3/zkachwal/ELSA_D3/692_real.png,real
/data3/zkachwal/ELSA_D3/692_image_gen3.png,ai-generated
/data3/zkachwal/ELSA_D3/695_real.png,real
/data3/zkachwal/ELSA_D3/695_image_gen3.png,ai-generated
/data3/zkachwal/ELSA_D3/696_image_gen3.png,ai-generated
/data3/zkachwal/ELSA_D3/698_image_gen2.png,ai-generated
/data3/zkachwal/ELSA_D3/702_image_gen2.png,ai-generated
/data3/zkachwal/ELSA_D3/702_image_gen3.png,ai-generated
/data3/zkachwal/ELSA_D3/705_image_gen2.png,ai-generated
/data3/zkachwal/ELSA_D3/708_image_gen1.png,ai-generated
/data3/zkachwal/ELSA_D3/709_image_gen1.png,ai-generated
/data3/zkachwal/ELSA_D3/709_image_gen3.png,ai-generated
/data3/zkachwal/ELSA_D3/710_image_gen0.png,ai-generated
/data3/zkachwal/ELSA_D3/710_image_gen1.png,ai-generated
/data3/zkachwal/ELSA_D3/711_image_gen2.png,ai-generated
/data3/zkachwal/ELSA_D3/712_image_gen3.png,ai-generated
/data3/zkachwal/ELSA_D3/713_image_gen1.png,ai-generated
/data3/zkachwal/ELSA_D3/714_image_gen2.png,ai-generated
/data3/zkachwal/ELSA_D3/715_real.png,real
/data3/zkachwal/ELSA_D3/715_image_gen1.png,ai-generated
/data3/zkachwal/ELSA_D3/716_image_gen1.png,ai-generated
/data3/zkachwal/ELSA_D3/717_real.png,real
/data3/zkachwal/ELSA_D3/720_image_gen3.png,ai-generated
/data3/zkachwal/ELSA_D3/721_image_gen1.png,ai-generated
/data3/zkachwal/ELSA_D3/721_image_gen3.png,ai-generated
/data3/zkachwal/ELSA_D3/723_image_gen1.png,ai-generated
/data3/zkachwal/ELSA_D3/724_image_gen0.png,ai-generated
/data3/zkachwal/ELSA_D3/726_image_gen1.png,ai-generated
/data3/zkachwal/ELSA_D3/727_real.png,real
/data3/zkachwal/ELSA_D3/729_image_gen3.png,ai-generated
/data3/zkachwal/ELSA_D3/730_image_gen2.png,ai-generated
/data3/zkachwal/ELSA_D3/731_image_gen2.png,ai-generated
/data3/zkachwal/ELSA_D3/734_image_gen2.png,ai-generated
/data3/zkachwal/ELSA_D3/737_image_gen3.png,ai-generated
/data3/zkachwal/ELSA_D3/739_image_gen0.png,ai-generated
/data3/zkachwal/ELSA_D3/739_image_gen3.png,ai-generated
/data3/zkachwal/ELSA_D3/741_image_gen3.png,ai-generated
/data3/zkachwal/ELSA_D3/743_image_gen0.png,ai-generated
/data3/zkachwal/ELSA_D3/745_image_gen3.png,ai-generated
/data3/zkachwal/ELSA_D3/749_image_gen0.png,ai-generated
/data3/zkachwal/ELSA_D3/752_image_gen0.png,ai-generated
/data3/zkachwal/ELSA_D3/752_image_gen3.png,ai-generated
/data3/zkachwal/ELSA_D3/753_real.png,real
/data3/zkachwal/ELSA_D3/753_image_gen1.png,ai-generated
/data3/zkachwal/ELSA_D3/755_image_gen2.png,ai-generated
/data3/zkachwal/ELSA_D3/756_image_gen1.png,ai-generated
/data3/zkachwal/ELSA_D3/758_image_gen0.png,ai-generated
/data3/zkachwal/ELSA_D3/761_real.png,real
/data3/zkachwal/ELSA_D3/761_image_gen2.png,ai-generated
/data3/zkachwal/ELSA_D3/764_image_gen0.png,ai-generated
/data3/zkachwal/ELSA_D3/764_image_gen1.png,ai-generated
/data3/zkachwal/ELSA_D3/764_image_gen2.png,ai-generated
/data3/zkachwal/ELSA_D3/766_image_gen1.png,ai-generated
/data3/zkachwal/ELSA_D3/767_image_gen0.png,ai-generated
/data3/zkachwal/ELSA_D3/767_image_gen2.png,ai-generated
/data3/zkachwal/ELSA_D3/767_image_gen3.png,ai-generated
/data3/zkachwal/ELSA_D3/769_image_gen0.png,ai-generated
/data3/zkachwal/ELSA_D3/771_image_gen2.png,ai-generated
/data3/zkachwal/ELSA_D3/772_image_gen0.png,ai-generated
/data3/zkachwal/ELSA_D3/772_image_gen3.png,ai-generated
/data3/zkachwal/ELSA_D3/773_image_gen2.png,ai-generated
/data3/zkachwal/ELSA_D3/774_real.png,real
/data3/zkachwal/ELSA_D3/780_image_gen0.png,ai-generated
/data3/zkachwal/ELSA_D3/780_image_gen2.png,ai-generated
/data3/zkachwal/ELSA_D3/780_image_gen3.png,ai-generated
/data3/zkachwal/ELSA_D3/781_image_gen0.png,ai-generated
/data3/zkachwal/ELSA_D3/784_image_gen1.png,ai-generated
/data3/zkachwal/ELSA_D3/787_image_gen1.png,ai-generated
/data3/zkachwal/ELSA_D3/787_image_gen2.png,ai-generated
/data3/zkachwal/ELSA_D3/787_image_gen3.png,ai-generated
/data3/zkachwal/ELSA_D3/788_image_gen3.png,ai-generated
/data3/zkachwal/ELSA_D3/793_image_gen2.png,ai-generated
/data3/zkachwal/ELSA_D3/796_real.png,real
/data3/zkachwal/ELSA_D3/796_image_gen0.png,ai-generated
/data3/zkachwal/ELSA_D3/798_image_gen0.png,ai-generated
/data3/zkachwal/ELSA_D3/798_image_gen2.png,ai-generated
/data3/zkachwal/ELSA_D3/799_image_gen3.png,ai-generated
/data3/zkachwal/ELSA_D3/802_real.png,real
/data3/zkachwal/ELSA_D3/804_image_gen0.png,ai-generated
/data3/zkachwal/ELSA_D3/806_image_gen1.png,ai-generated
/data3/zkachwal/ELSA_D3/806_image_gen3.png,ai-generated
/data3/zkachwal/ELSA_D3/810_image_gen3.png,ai-generated
/data3/zkachwal/ELSA_D3/811_image_gen3.png,ai-generated
/data3/zkachwal/ELSA_D3/812_image_gen1.png,ai-generated
/data3/zkachwal/ELSA_D3/813_real.png,real
/data3/zkachwal/ELSA_D3/813_image_gen2.png,ai-generated
/data3/zkachwal/ELSA_D3/814_real.png,real
/data3/zkachwal/ELSA_D3/815_real.png,real
/data3/zkachwal/ELSA_D3/817_image_gen0.png,ai-generated
/data3/zkachwal/ELSA_D3/817_image_gen1.png,ai-generated
/data3/zkachwal/ELSA_D3/817_image_gen2.png,ai-generated
/data3/zkachwal/ELSA_D3/818_image_gen1.png,ai-generated
/data3/zkachwal/ELSA_D3/822_real.png,real
/data3/zkachwal/ELSA_D3/826_real.png,real
/data3/zkachwal/ELSA_D3/830_image_gen3.png,ai-generated
/data3/zkachwal/ELSA_D3/831_image_gen1.png,ai-generated
/data3/zkachwal/ELSA_D3/831_image_gen3.png,ai-generated
/data3/zkachwal/ELSA_D3/833_real.png,real
/data3/zkachwal/ELSA_D3/833_image_gen2.png,ai-generated
/data3/zkachwal/ELSA_D3/835_image_gen0.png,ai-generated
/data3/zkachwal/ELSA_D3/838_image_gen1.png,ai-generated
/data3/zkachwal/ELSA_D3/838_image_gen3.png,ai-generated
/data3/zkachwal/ELSA_D3/840_image_gen0.png,ai-generated
/data3/zkachwal/ELSA_D3/841_image_gen3.png,ai-generated
/data3/zkachwal/ELSA_D3/844_image_gen1.png,ai-generated
/data3/zkachwal/ELSA_D3/844_image_gen2.png,ai-generated
/data3/zkachwal/ELSA_D3/844_image_gen3.png,ai-generated
/data3/zkachwal/ELSA_D3/845_image_gen1.png,ai-generated
/data3/zkachwal/ELSA_D3/846_image_gen1.png,ai-generated
/data3/zkachwal/ELSA_D3/846_image_gen3.png,ai-generated
/data3/zkachwal/ELSA_D3/848_image_gen2.png,ai-generated
/data3/zkachwal/ELSA_D3/850_image_gen0.png,ai-generated
/data3/zkachwal/ELSA_D3/850_image_gen3.png,ai-generated
/data3/zkachwal/ELSA_D3/855_real.png,real
/data3/zkachwal/ELSA_D3/855_image_gen2.png,ai-generated
/data3/zkachwal/ELSA_D3/857_real.png,real
/data3/zkachwal/ELSA_D3/857_image_gen1.png,ai-generated
/data3/zkachwal/ELSA_D3/859_real.png,real
/data3/zkachwal/ELSA_D3/859_image_gen0.png,ai-generated
/data3/zkachwal/ELSA_D3/859_image_gen3.png,ai-generated
/data3/zkachwal/ELSA_D3/861_image_gen2.png,ai-generated
/data3/zkachwal/ELSA_D3/862_image_gen1.png,ai-generated
/data3/zkachwal/ELSA_D3/863_real.png,real
/data3/zkachwal/ELSA_D3/863_image_gen1.png,ai-generated
/data3/zkachwal/ELSA_D3/864_image_gen3.png,ai-generated
/data3/zkachwal/ELSA_D3/867_real.png,real
/data3/zkachwal/ELSA_D3/869_image_gen1.png,ai-generated
/data3/zkachwal/ELSA_D3/869_image_gen2.png,ai-generated
/data3/zkachwal/ELSA_D3/872_image_gen1.png,ai-generated
/data3/zkachwal/ELSA_D3/874_image_gen0.png,ai-generated
/data3/zkachwal/ELSA_D3/875_real.png,real
/data3/zkachwal/ELSA_D3/875_image_gen2.png,ai-generated
/data3/zkachwal/ELSA_D3/876_real.png,real
/data3/zkachwal/ELSA_D3/876_image_gen3.png,ai-generated
/data3/zkachwal/ELSA_D3/877_image_gen1.png,ai-generated
/data3/zkachwal/ELSA_D3/878_image_gen0.png,ai-generated
/data3/zkachwal/ELSA_D3/878_image_gen1.png,ai-generated
/data3/zkachwal/ELSA_D3/880_image_gen1.png,ai-generated
/data3/zkachwal/ELSA_D3/882_real.png,real
/data3/zkachwal/ELSA_D3/882_image_gen2.png,ai-generated
/data3/zkachwal/ELSA_D3/883_image_gen0.png,ai-generated
/data3/zkachwal/ELSA_D3/884_image_gen2.png,ai-generated
/data3/zkachwal/ELSA_D3/885_real.png,real
/data3/zkachwal/ELSA_D3/887_image_gen2.png,ai-generated
/data3/zkachwal/ELSA_D3/887_image_gen3.png,ai-generated
/data3/zkachwal/ELSA_D3/890_image_gen0.png,ai-generated
/data3/zkachwal/ELSA_D3/890_image_gen3.png,ai-generated
/data3/zkachwal/ELSA_D3/892_real.png,real
/data3/zkachwal/ELSA_D3/892_image_gen3.png,ai-generated
/data3/zkachwal/ELSA_D3/895_image_gen0.png,ai-generated
/data3/zkachwal/ELSA_D3/895_image_gen3.png,ai-generated
/data3/zkachwal/ELSA_D3/897_image_gen0.png,ai-generated
/data3/zkachwal/ELSA_D3/897_image_gen1.png,ai-generated
/data3/zkachwal/ELSA_D3/897_image_gen2.png,ai-generated
/data3/zkachwal/ELSA_D3/899_real.png,real
/data3/zkachwal/ELSA_D3/900_image_gen0.png,ai-generated
/data3/zkachwal/ELSA_D3/901_image_gen0.png,ai-generated
/data3/zkachwal/ELSA_D3/904_image_gen0.png,ai-generated
/data3/zkachwal/ELSA_D3/904_image_gen3.png,ai-generated
/data3/zkachwal/ELSA_D3/905_image_gen0.png,ai-generated
/data3/zkachwal/ELSA_D3/905_image_gen2.png,ai-generated
/data3/zkachwal/ELSA_D3/905_image_gen3.png,ai-generated
/data3/zkachwal/ELSA_D3/908_real.png,real
/data3/zkachwal/ELSA_D3/909_image_gen0.png,ai-generated
/data3/zkachwal/ELSA_D3/910_image_gen3.png,ai-generated
/data3/zkachwal/ELSA_D3/913_image_gen0.png,ai-generated
/data3/zkachwal/ELSA_D3/916_image_gen1.png,ai-generated
/data3/zkachwal/ELSA_D3/917_image_gen1.png,ai-generated
/data3/zkachwal/ELSA_D3/919_image_gen1.png,ai-generated
/data3/zkachwal/ELSA_D3/920_real.png,real
/data3/zkachwal/ELSA_D3/922_image_gen2.png,ai-generated
/data3/zkachwal/ELSA_D3/925_real.png,real
/data3/zkachwal/ELSA_D3/925_image_gen2.png,ai-generated
/data3/zkachwal/ELSA_D3/926_image_gen1.png,ai-generated
/data3/zkachwal/ELSA_D3/927_image_gen0.png,ai-generated
/data3/zkachwal/ELSA_D3/927_image_gen3.png,ai-generated
/data3/zkachwal/ELSA_D3/928_image_gen1.png,ai-generated
/data3/zkachwal/ELSA_D3/929_image_gen1.png,ai-generated
/data3/zkachwal/ELSA_D3/929_image_gen3.png,ai-generated
/data3/zkachwal/ELSA_D3/930_image_gen0.png,ai-generated
/data3/zkachwal/ELSA_D3/931_image_gen0.png,ai-generated
/data3/zkachwal/ELSA_D3/932_image_gen0.png,ai-generated
/data3/zkachwal/ELSA_D3/932_image_gen1.png,ai-generated
/data3/zkachwal/ELSA_D3/934_image_gen0.png,ai-generated
/data3/zkachwal/ELSA_D3/934_image_gen2.png,ai-generated
/data3/zkachwal/ELSA_D3/941_image_gen1.png,ai-generated
/data3/zkachwal/ELSA_D3/941_image_gen2.png,ai-generated
/data3/zkachwal/ELSA_D3/941_image_gen3.png,ai-generated
/data3/zkachwal/ELSA_D3/942_real.png,real
/data3/zkachwal/ELSA_D3/943_image_gen0.png,ai-generated
/data3/zkachwal/ELSA_D3/943_image_gen2.png,ai-generated
/data3/zkachwal/ELSA_D3/944_image_gen1.png,ai-generated
/data3/zkachwal/ELSA_D3/944_image_gen2.png,ai-generated
/data3/zkachwal/ELSA_D3/946_image_gen0.png,ai-generated
/data3/zkachwal/ELSA_D3/946_image_gen2.png,ai-generated
/data3/zkachwal/ELSA_D3/947_real.png,real
/data3/zkachwal/ELSA_D3/948_image_gen1.png,ai-generated
/data3/zkachwal/ELSA_D3/948_image_gen3.png,ai-generated
/data3/zkachwal/ELSA_D3/949_real.png,real
/data3/zkachwal/ELSA_D3/949_image_gen2.png,ai-generated
/data3/zkachwal/ELSA_D3/952_image_gen2.png,ai-generated
/data3/zkachwal/ELSA_D3/953_real.png,real
/data3/zkachwal/ELSA_D3/955_image_gen0.png,ai-generated
/data3/zkachwal/ELSA_D3/956_image_gen2.png,ai-generated
/data3/zkachwal/ELSA_D3/957_image_gen1.png,ai-generated
/data3/zkachwal/ELSA_D3/958_image_gen0.png,ai-generated
/data3/zkachwal/ELSA_D3/958_image_gen1.png,ai-generated
/data3/zkachwal/ELSA_D3/959_real.png,real
/data3/zkachwal/ELSA_D3/959_image_gen1.png,ai-generated
/data3/zkachwal/ELSA_D3/960_image_gen0.png,ai-generated
/data3/zkachwal/ELSA_D3/960_image_gen1.png,ai-generated
/data3/zkachwal/ELSA_D3/961_real.png,real
/data3/zkachwal/ELSA_D3/963_real.png,real
/data3/zkachwal/ELSA_D3/963_image_gen0.png,ai-generated
/data3/zkachwal/ELSA_D3/963_image_gen1.png,ai-generated
/data3/zkachwal/ELSA_D3/965_image_gen0.png,ai-generated
/data3/zkachwal/ELSA_D3/966_image_gen0.png,ai-generated
/data3/zkachwal/ELSA_D3/969_image_gen1.png,ai-generated
/data3/zkachwal/ELSA_D3/970_real.png,real
/data3/zkachwal/ELSA_D3/971_real.png,real
/data3/zkachwal/ELSA_D3/971_image_gen2.png,ai-generated
/data3/zkachwal/ELSA_D3/972_real.png,real
/data3/zkachwal/ELSA_D3/972_image_gen0.png,ai-generated
/data3/zkachwal/ELSA_D3/972_image_gen1.png,ai-generated
/data3/zkachwal/ELSA_D3/973_image_gen1.png,ai-generated
/data3/zkachwal/ELSA_D3/973_image_gen2.png,ai-generated
/data3/zkachwal/ELSA_D3/974_image_gen0.png,ai-generated
/data3/zkachwal/ELSA_D3/975_image_gen0.png,ai-generated
/data3/zkachwal/ELSA_D3/975_image_gen1.png,ai-generated
/data3/zkachwal/ELSA_D3/980_image_gen1.png,ai-generated
/data3/zkachwal/ELSA_D3/981_image_gen1.png,ai-generated
/data3/zkachwal/ELSA_D3/982_real.png,real
/data3/zkachwal/ELSA_D3/982_image_gen0.png,ai-generated
/data3/zkachwal/ELSA_D3/983_image_gen3.png,ai-generated
/data3/zkachwal/ELSA_D3/984_real.png,real
/data3/zkachwal/ELSA_D3/985_image_gen2.png,ai-generated
/data3/zkachwal/ELSA_D3/985_image_gen3.png,ai-generated
/data3/zkachwal/ELSA_D3/986_image_gen2.png,ai-generated
/data3/zkachwal/ELSA_D3/987_real.png,real
/data3/zkachwal/ELSA_D3/987_image_gen2.png,ai-generated
/data3/zkachwal/ELSA_D3/991_image_gen0.png,ai-generated
/data3/zkachwal/ELSA_D3/993_image_gen0.png,ai-generated
/data3/zkachwal/ELSA_D3/995_image_gen1.png,ai-generated
/data3/zkachwal/ELSA_D3/996_real.png,real
/data3/zkachwal/ELSA_D3/997_real.png,real
/data3/zkachwal/ELSA_D3/997_image_gen0.png,ai-generated
/data3/zkachwal/ELSA_D3/997_image_gen1.png,ai-generated
/data3/zkachwal/ELSA_D3/999_image_gen0.png,ai-generated
/data3/zkachwal/ELSA_D3/999_image_gen3.png,ai-generated
/data3/zkachwal/ELSA_D3/1001_image_gen1.png,ai-generated
/data3/zkachwal/ELSA_D3/1003_image_gen0.png,ai-generated
/data3/zkachwal/ELSA_D3/1003_image_gen3.png,ai-generated
/data3/zkachwal/ELSA_D3/1004_image_gen0.png,ai-generated
/data3/zkachwal/ELSA_D3/1004_image_gen2.png,ai-generated
/data3/zkachwal/ELSA_D3/1006_image_gen0.png,ai-generated
/data3/zkachwal/ELSA_D3/1007_real.png,real
/data3/zkachwal/ELSA_D3/1010_real.png,real
/data3/zkachwal/ELSA_D3/1010_image_gen0.png,ai-generated
/data3/zkachwal/ELSA_D3/1011_image_gen1.png,ai-generated
/data3/zkachwal/ELSA_D3/1011_image_gen3.png,ai-generated
/data3/zkachwal/ELSA_D3/1012_image_gen3.png,ai-generated
/data3/zkachwal/ELSA_D3/1013_image_gen3.png,ai-generated
/data3/zkachwal/ELSA_D3/1016_real.png,real
/data3/zkachwal/ELSA_D3/1016_image_gen1.png,ai-generated
/data3/zkachwal/ELSA_D3/1016_image_gen3.png,ai-generated
/data3/zkachwal/ELSA_D3/1018_real.png,real
/data3/zkachwal/ELSA_D3/1018_image_gen1.png,ai-generated
/data3/zkachwal/ELSA_D3/1019_image_gen0.png,ai-generated
/data3/zkachwal/ELSA_D3/1020_image_gen0.png,ai-generated
/data3/zkachwal/ELSA_D3/1021_image_gen1.png,ai-generated
/data3/zkachwal/ELSA_D3/1021_image_gen2.png,ai-generated
/data3/zkachwal/ELSA_D3/1022_real.png,real
/data3/zkachwal/ELSA_D3/1025_image_gen0.png,ai-generated
/data3/zkachwal/ELSA_D3/1027_image_gen0.png,ai-generated
/data3/zkachwal/ELSA_D3/1027_image_gen1.png,ai-generated
/data3/zkachwal/ELSA_D3/1027_image_gen2.png,ai-generated
/data3/zkachwal/ELSA_D3/1031_image_gen0.png,ai-generated
/data3/zkachwal/ELSA_D3/1031_image_gen2.png,ai-generated
/data3/zkachwal/ELSA_D3/1032_image_gen3.png,ai-generated
/data3/zkachwal/ELSA_D3/1034_image_gen1.png,ai-generated
/data3/zkachwal/ELSA_D3/1035_real.png,real
/data3/zkachwal/ELSA_D3/1037_image_gen3.png,ai-generated
/data3/zkachwal/ELSA_D3/1038_real.png,real
/data3/zkachwal/ELSA_D3/1038_image_gen0.png,ai-generated
/data3/zkachwal/ELSA_D3/1038_image_gen2.png,ai-generated
/data3/zkachwal/ELSA_D3/1039_image_gen0.png,ai-generated
/data3/zkachwal/ELSA_D3/1041_image_gen3.png,ai-generated
/data3/zkachwal/ELSA_D3/1045_real.png,real
/data3/zkachwal/ELSA_D3/1045_image_gen2.png,ai-generated
/data3/zkachwal/ELSA_D3/1046_image_gen3.png,ai-generated
/data3/zkachwal/ELSA_D3/1051_image_gen3.png,ai-generated
/data3/zkachwal/ELSA_D3/1054_image_gen3.png,ai-generated
/data3/zkachwal/ELSA_D3/1056_real.png,real
/data3/zkachwal/ELSA_D3/1056_image_gen1.png,ai-generated
/data3/zkachwal/ELSA_D3/1056_image_gen2.png,ai-generated
/data3/zkachwal/ELSA_D3/1057_real.png,real
/data3/zkachwal/ELSA_D3/1058_image_gen0.png,ai-generated
/data3/zkachwal/ELSA_D3/1058_image_gen3.png,ai-generated
/data3/zkachwal/ELSA_D3/1060_image_gen2.png,ai-generated
/data3/zkachwal/ELSA_D3/1061_real.png,real
/data3/zkachwal/ELSA_D3/1062_image_gen3.png,ai-generated
/data3/zkachwal/ELSA_D3/1063_real.png,real
/data3/zkachwal/ELSA_D3/1063_image_gen2.png,ai-generated
/data3/zkachwal/ELSA_D3/1067_image_gen0.png,ai-generated
/data3/zkachwal/ELSA_D3/1068_image_gen1.png,ai-generated
/data3/zkachwal/ELSA_D3/1070_image_gen1.png,ai-generated
/data3/zkachwal/ELSA_D3/1070_image_gen3.png,ai-generated
/data3/zkachwal/ELSA_D3/1071_real.png,real
/data3/zkachwal/ELSA_D3/1072_real.png,real
/data3/zkachwal/ELSA_D3/1073_image_gen1.png,ai-generated
/data3/zkachwal/ELSA_D3/1073_image_gen3.png,ai-generated
/data3/zkachwal/ELSA_D3/1074_real.png,real
/data3/zkachwal/ELSA_D3/1074_image_gen3.png,ai-generated
/data3/zkachwal/ELSA_D3/1075_image_gen0.png,ai-generated
/data3/zkachwal/ELSA_D3/1076_image_gen0.png,ai-generated
/data3/zkachwal/ELSA_D3/1077_image_gen2.png,ai-generated
/data3/zkachwal/ELSA_D3/1079_image_gen3.png,ai-generated
/data3/zkachwal/ELSA_D3/1080_image_gen0.png,ai-generated
/data3/zkachwal/ELSA_D3/1082_real.png,real
/data3/zkachwal/ELSA_D3/1082_image_gen0.png,ai-generated
/data3/zkachwal/ELSA_D3/1086_image_gen1.png,ai-generated
/data3/zkachwal/ELSA_D3/1086_image_gen2.png,ai-generated
/data3/zkachwal/ELSA_D3/1087_image_gen0.png,ai-generated
/data3/zkachwal/ELSA_D3/1087_image_gen1.png,ai-generated
/data3/zkachwal/ELSA_D3/1088_image_gen1.png,ai-generated
/data3/zkachwal/ELSA_D3/1089_real.png,real
/data3/zkachwal/ELSA_D3/1089_image_gen0.png,ai-generated
/data3/zkachwal/ELSA_D3/1094_real.png,real
/data3/zkachwal/ELSA_D3/1094_image_gen1.png,ai-generated
/data3/zkachwal/ELSA_D3/1098_real.png,real
/data3/zkachwal/ELSA_D3/1100_real.png,real
/data3/zkachwal/ELSA_D3/1100_image_gen0.png,ai-generated
/data3/zkachwal/ELSA_D3/1100_image_gen2.png,ai-generated
/data3/zkachwal/ELSA_D3/1101_image_gen1.png,ai-generated
/data3/zkachwal/ELSA_D3/1102_real.png,real
/data3/zkachwal/ELSA_D3/1102_image_gen2.png,ai-generated
/data3/zkachwal/ELSA_D3/1103_image_gen0.png,ai-generated
/data3/zkachwal/ELSA_D3/1104_image_gen3.png,ai-generated
/data3/zkachwal/ELSA_D3/1106_image_gen2.png,ai-generated
/data3/zkachwal/ELSA_D3/1107_image_gen0.png,ai-generated
/data3/zkachwal/ELSA_D3/1112_image_gen3.png,ai-generated
/data3/zkachwal/ELSA_D3/1114_image_gen2.png,ai-generated
/data3/zkachwal/ELSA_D3/1114_image_gen3.png,ai-generated
/data3/zkachwal/ELSA_D3/1115_image_gen0.png,ai-generated
/data3/zkachwal/ELSA_D3/1116_image_gen3.png,ai-generated
/data3/zkachwal/ELSA_D3/1117_image_gen0.png,ai-generated
/data3/zkachwal/ELSA_D3/1118_image_gen1.png,ai-generated
/data3/zkachwal/ELSA_D3/1119_real.png,real
/data3/zkachwal/ELSA_D3/1120_image_gen0.png,ai-generated
/data3/zkachwal/ELSA_D3/1120_image_gen3.png,ai-generated
/data3/zkachwal/ELSA_D3/1121_real.png,real
/data3/zkachwal/ELSA_D3/1121_image_gen0.png,ai-generated
/data3/zkachwal/ELSA_D3/1124_real.png,real
/data3/zkachwal/ELSA_D3/1124_image_gen1.png,ai-generated
/data3/zkachwal/ELSA_D3/1124_image_gen3.png,ai-generated
/data3/zkachwal/ELSA_D3/1126_real.png,real
/data3/zkachwal/ELSA_D3/1127_image_gen0.png,ai-generated
/data3/zkachwal/ELSA_D3/1127_image_gen3.png,ai-generated
/data3/zkachwal/ELSA_D3/1129_real.png,real
/data3/zkachwal/ELSA_D3/1129_image_gen3.png,ai-generated
/data3/zkachwal/ELSA_D3/1130_image_gen1.png,ai-generated
/data3/zkachwal/ELSA_D3/1132_real.png,real
/data3/zkachwal/ELSA_D3/1132_image_gen3.png,ai-generated
/data3/zkachwal/ELSA_D3/1135_image_gen2.png,ai-generated
/data3/zkachwal/ELSA_D3/1138_real.png,real
/data3/zkachwal/ELSA_D3/1140_image_gen1.png,ai-generated
/data3/zkachwal/ELSA_D3/1142_real.png,real
/data3/zkachwal/ELSA_D3/1142_image_gen1.png,ai-generated
/data3/zkachwal/ELSA_D3/1146_real.png,real
/data3/zkachwal/ELSA_D3/1146_image_gen0.png,ai-generated
/data3/zkachwal/ELSA_D3/1147_real.png,real
/data3/zkachwal/ELSA_D3/1148_real.png,real
/data3/zkachwal/ELSA_D3/1149_image_gen1.png,ai-generated
/data3/zkachwal/ELSA_D3/1149_image_gen2.png,ai-generated
/data3/zkachwal/ELSA_D3/1150_real.png,real
/data3/zkachwal/ELSA_D3/1152_real.png,real
/data3/zkachwal/ELSA_D3/1153_image_gen3.png,ai-generated
/data3/zkachwal/ELSA_D3/1154_image_gen2.png,ai-generated
/data3/zkachwal/ELSA_D3/1156_real.png,real
/data3/zkachwal/ELSA_D3/1156_image_gen0.png,ai-generated
/data3/zkachwal/ELSA_D3/1157_image_gen0.png,ai-generated
/data3/zkachwal/ELSA_D3/1157_image_gen1.png,ai-generated
/data3/zkachwal/ELSA_D3/1158_image_gen0.png,ai-generated
/data3/zkachwal/ELSA_D3/1158_image_gen3.png,ai-generated
/data3/zkachwal/ELSA_D3/1159_image_gen0.png,ai-generated
/data3/zkachwal/ELSA_D3/1162_image_gen3.png,ai-generated
/data3/zkachwal/ELSA_D3/1164_real.png,real
/data3/zkachwal/ELSA_D3/1165_real.png,real
/data3/zkachwal/ELSA_D3/1165_image_gen1.png,ai-generated
/data3/zkachwal/ELSA_D3/1166_image_gen0.png,ai-generated
/data3/zkachwal/ELSA_D3/1167_image_gen3.png,ai-generated
/data3/zkachwal/ELSA_D3/1168_real.png,real
/data3/zkachwal/ELSA_D3/1168_image_gen3.png,ai-generated
/data3/zkachwal/ELSA_D3/1170_image_gen3.png,ai-generated
/data3/zkachwal/ELSA_D3/1171_image_gen1.png,ai-generated
/data3/zkachwal/ELSA_D3/1173_real.png,real
/data3/zkachwal/ELSA_D3/1173_image_gen3.png,ai-generated
/data3/zkachwal/ELSA_D3/1174_real.png,real
/data3/zkachwal/ELSA_D3/1174_image_gen1.png,ai-generated
/data3/zkachwal/ELSA_D3/1175_image_gen3.png,ai-generated
/data3/zkachwal/ELSA_D3/1178_image_gen1.png,ai-generated
/data3/zkachwal/ELSA_D3/1179_image_gen0.png,ai-generated
/data3/zkachwal/ELSA_D3/1179_image_gen1.png,ai-generated
/data3/zkachwal/ELSA_D3/1180_real.png,real
/data3/zkachwal/ELSA_D3/1180_image_gen2.png,ai-generated
/data3/zkachwal/ELSA_D3/1182_real.png,real
/data3/zkachwal/ELSA_D3/1182_image_gen0.png,ai-generated
/data3/zkachwal/ELSA_D3/1182_image_gen1.png,ai-generated
/data3/zkachwal/ELSA_D3/1186_image_gen3.png,ai-generated
/data3/zkachwal/ELSA_D3/1187_image_gen2.png,ai-generated
/data3/zkachwal/ELSA_D3/1191_image_gen0.png,ai-generated
/data3/zkachwal/ELSA_D3/1191_image_gen1.png,ai-generated
/data3/zkachwal/ELSA_D3/1192_image_gen3.png,ai-generated
/data3/zkachwal/ELSA_D3/1193_image_gen2.png,ai-generated
/data3/zkachwal/ELSA_D3/1194_real.png,real
/data3/zkachwal/ELSA_D3/1194_image_gen2.png,ai-generated
/data3/zkachwal/ELSA_D3/1194_image_gen3.png,ai-generated
/data3/zkachwal/ELSA_D3/1196_image_gen0.png,ai-generated
/data3/zkachwal/ELSA_D3/1197_image_gen0.png,ai-generated
/data3/zkachwal/ELSA_D3/1197_image_gen2.png,ai-generated
/data3/zkachwal/ELSA_D3/1201_image_gen2.png,ai-generated
/data3/zkachwal/ELSA_D3/1201_image_gen3.png,ai-generated
/data3/zkachwal/ELSA_D3/1202_image_gen1.png,ai-generated
/data3/zkachwal/ELSA_D3/1202_image_gen2.png,ai-generated
/data3/zkachwal/ELSA_D3/1203_real.png,real
/data3/zkachwal/ELSA_D3/1203_image_gen2.png,ai-generated
/data3/zkachwal/ELSA_D3/1205_image_gen0.png,ai-generated
/data3/zkachwal/ELSA_D3/1207_image_gen0.png,ai-generated
/data3/zkachwal/ELSA_D3/1207_image_gen1.png,ai-generated
/data3/zkachwal/ELSA_D3/1207_image_gen2.png,ai-generated
/data3/zkachwal/ELSA_D3/1210_image_gen3.png,ai-generated
/data3/zkachwal/ELSA_D3/1212_image_gen3.png,ai-generated
/data3/zkachwal/ELSA_D3/1213_real.png,real
/data3/zkachwal/ELSA_D3/1215_image_gen0.png,ai-generated
/data3/zkachwal/ELSA_D3/1215_image_gen2.png,ai-generated
/data3/zkachwal/ELSA_D3/1219_image_gen2.png,ai-generated
/data3/zkachwal/ELSA_D3/1222_image_gen0.png,ai-generated
/data3/zkachwal/ELSA_D3/1223_real.png,real
/data3/zkachwal/ELSA_D3/1225_image_gen0.png,ai-generated
/data3/zkachwal/ELSA_D3/1225_image_gen2.png,ai-generated
/data3/zkachwal/ELSA_D3/1226_image_gen1.png,ai-generated
/data3/zkachwal/ELSA_D3/1227_image_gen1.png,ai-generated
/data3/zkachwal/ELSA_D3/1228_image_gen0.png,ai-generated
/data3/zkachwal/ELSA_D3/1228_image_gen1.png,ai-generated
/data3/zkachwal/ELSA_D3/1228_image_gen3.png,ai-generated
/data3/zkachwal/ELSA_D3/1230_image_gen1.png,ai-generated
/data3/zkachwal/ELSA_D3/1233_real.png,real
/data3/zkachwal/ELSA_D3/1233_image_gen2.png,ai-generated
/data3/zkachwal/ELSA_D3/1236_image_gen0.png,ai-generated
/data3/zkachwal/ELSA_D3/1237_real.png,real
/data3/zkachwal/ELSA_D3/1238_image_gen2.png,ai-generated
/data3/zkachwal/ELSA_D3/1242_image_gen1.png,ai-generated
/data3/zkachwal/ELSA_D3/1242_image_gen2.png,ai-generated
/data3/zkachwal/ELSA_D3/1244_image_gen3.png,ai-generated
/data3/zkachwal/ELSA_D3/1247_real.png,real
/data3/zkachwal/ELSA_D3/1247_image_gen1.png,ai-generated
/data3/zkachwal/ELSA_D3/1248_image_gen2.png,ai-generated
/data3/zkachwal/ELSA_D3/1249_image_gen3.png,ai-generated
/data3/zkachwal/ELSA_D3/1251_image_gen3.png,ai-generated
/data3/zkachwal/ELSA_D3/1252_image_gen1.png,ai-generated
/data3/zkachwal/ELSA_D3/1252_image_gen2.png,ai-generated
/data3/zkachwal/ELSA_D3/1254_real.png,real
/data3/zkachwal/ELSA_D3/1254_image_gen1.png,ai-generated
/data3/zkachwal/ELSA_D3/1254_image_gen3.png,ai-generated
/data3/zkachwal/ELSA_D3/1257_image_gen3.png,ai-generated
/data3/zkachwal/ELSA_D3/1258_real.png,real
/data3/zkachwal/ELSA_D3/1258_image_gen1.png,ai-generated
/data3/zkachwal/ELSA_D3/1258_image_gen3.png,ai-generated
/data3/zkachwal/ELSA_D3/1261_image_gen1.png,ai-generated
/data3/zkachwal/ELSA_D3/1263_image_gen0.png,ai-generated
/data3/zkachwal/ELSA_D3/1268_image_gen1.png,ai-generated
/data3/zkachwal/ELSA_D3/1268_image_gen2.png,ai-generated
/data3/zkachwal/ELSA_D3/1269_real.png,real
/data3/zkachwal/ELSA_D3/1270_real.png,real
/data3/zkachwal/ELSA_D3/1270_image_gen1.png,ai-generated
/data3/zkachwal/ELSA_D3/1270_image_gen3.png,ai-generated
/data3/zkachwal/ELSA_D3/1271_image_gen1.png,ai-generated
/data3/zkachwal/ELSA_D3/1271_image_gen3.png,ai-generated
/data3/zkachwal/ELSA_D3/1272_image_gen3.png,ai-generated
/data3/zkachwal/ELSA_D3/1274_image_gen0.png,ai-generated
/data3/zkachwal/ELSA_D3/1274_image_gen2.png,ai-generated
/data3/zkachwal/ELSA_D3/1277_real.png,real
/data3/zkachwal/ELSA_D3/1277_image_gen3.png,ai-generated
/data3/zkachwal/ELSA_D3/1278_real.png,real
/data3/zkachwal/ELSA_D3/1278_image_gen0.png,ai-generated
/data3/zkachwal/ELSA_D3/1278_image_gen2.png,ai-generated
/data3/zkachwal/ELSA_D3/1280_real.png,real
/data3/zkachwal/ELSA_D3/1280_image_gen2.png,ai-generated
/data3/zkachwal/ELSA_D3/1281_image_gen1.png,ai-generated
/data3/zkachwal/ELSA_D3/1281_image_gen3.png,ai-generated
/data3/zkachwal/ELSA_D3/1282_image_gen0.png,ai-generated
/data3/zkachwal/ELSA_D3/1285_image_gen0.png,ai-generated
/data3/zkachwal/ELSA_D3/1285_image_gen1.png,ai-generated
/data3/zkachwal/ELSA_D3/1286_image_gen0.png,ai-generated
/data3/zkachwal/ELSA_D3/1287_image_gen1.png,ai-generated
/data3/zkachwal/ELSA_D3/1288_image_gen2.png,ai-generated
/data3/zkachwal/ELSA_D3/1289_image_gen3.png,ai-generated
/data3/zkachwal/ELSA_D3/1292_image_gen1.png,ai-generated
/data3/zkachwal/ELSA_D3/1296_image_gen0.png,ai-generated
/data3/zkachwal/ELSA_D3/1297_image_gen0.png,ai-generated
/data3/zkachwal/ELSA_D3/1297_image_gen1.png,ai-generated
/data3/zkachwal/ELSA_D3/1297_image_gen2.png,ai-generated
/data3/zkachwal/ELSA_D3/1298_real.png,real
/data3/zkachwal/ELSA_D3/1299_image_gen0.png,ai-generated
/data3/zkachwal/ELSA_D3/1301_image_gen3.png,ai-generated
/data3/zkachwal/ELSA_D3/1303_image_gen0.png,ai-generated
/data3/zkachwal/ELSA_D3/1303_image_gen3.png,ai-generated
/data3/zkachwal/ELSA_D3/1307_real.png,real
/data3/zkachwal/ELSA_D3/1307_image_gen0.png,ai-generated
/data3/zkachwal/ELSA_D3/1310_image_gen3.png,ai-generated
/data3/zkachwal/ELSA_D3/1312_image_gen1.png,ai-generated
/data3/zkachwal/ELSA_D3/1313_image_gen0.png,ai-generated
/data3/zkachwal/ELSA_D3/1318_image_gen0.png,ai-generated
/data3/zkachwal/ELSA_D3/1320_image_gen0.png,ai-generated
/data3/zkachwal/ELSA_D3/1320_image_gen3.png,ai-generated
/data3/zkachwal/ELSA_D3/1321_image_gen3.png,ai-generated
/data3/zkachwal/ELSA_D3/1322_image_gen3.png,ai-generated
/data3/zkachwal/ELSA_D3/1324_real.png,real
/data3/zkachwal/ELSA_D3/1325_image_gen0.png,ai-generated
/data3/zkachwal/ELSA_D3/1326_real.png,real
/data3/zkachwal/ELSA_D3/1329_real.png,real
/data3/zkachwal/ELSA_D3/1329_image_gen1.png,ai-generated
/data3/zkachwal/ELSA_D3/1329_image_gen3.png,ai-generated
/data3/zkachwal/ELSA_D3/1330_image_gen0.png,ai-generated
/data3/zkachwal/ELSA_D3/1331_real.png,real
/data3/zkachwal/ELSA_D3/1332_image_gen1.png,ai-generated
/data3/zkachwal/ELSA_D3/1333_image_gen2.png,ai-generated
/data3/zkachwal/ELSA_D3/1334_image_gen0.png,ai-generated
/data3/zkachwal/ELSA_D3/1335_image_gen1.png,ai-generated
/data3/zkachwal/ELSA_D3/1335_image_gen2.png,ai-generated
/data3/zkachwal/ELSA_D3/1336_image_gen2.png,ai-generated
/data3/zkachwal/ELSA_D3/1337_image_gen3.png,ai-generated
/data3/zkachwal/ELSA_D3/1340_image_gen2.png,ai-generated
/data3/zkachwal/ELSA_D3/1340_image_gen3.png,ai-generated
/data3/zkachwal/ELSA_D3/1342_real.png,real
/data3/zkachwal/ELSA_D3/1342_image_gen0.png,ai-generated
/data3/zkachwal/ELSA_D3/1344_real.png,real
/data3/zkachwal/ELSA_D3/1344_image_gen1.png,ai-generated
/data3/zkachwal/ELSA_D3/1344_image_gen3.png,ai-generated
/data3/zkachwal/ELSA_D3/1345_real.png,real
/data3/zkachwal/ELSA_D3/1346_image_gen3.png,ai-generated
/data3/zkachwal/ELSA_D3/1347_image_gen2.png,ai-generated
/data3/zkachwal/ELSA_D3/1348_real.png,real
/data3/zkachwal/ELSA_D3/1348_image_gen3.png,ai-generated
/data3/zkachwal/ELSA_D3/1352_real.png,real
/data3/zkachwal/ELSA_D3/1352_image_gen3.png,ai-generated
/data3/zkachwal/ELSA_D3/1353_real.png,real
/data3/zkachwal/ELSA_D3/1354_image_gen1.png,ai-generated
/data3/zkachwal/ELSA_D3/1357_image_gen0.png,ai-generated
/data3/zkachwal/ELSA_D3/1360_image_gen3.png,ai-generated
/data3/zkachwal/ELSA_D3/1361_image_gen3.png,ai-generated
/data3/zkachwal/ELSA_D3/1365_real.png,real
/data3/zkachwal/ELSA_D3/1366_image_gen3.png,ai-generated
/data3/zkachwal/ELSA_D3/1367_image_gen2.png,ai-generated
/data3/zkachwal/ELSA_D3/1372_image_gen1.png,ai-generated
/data3/zkachwal/ELSA_D3/1372_image_gen3.png,ai-generated
/data3/zkachwal/ELSA_D3/1373_real.png,real
/data3/zkachwal/ELSA_D3/1373_image_gen0.png,ai-generated
/data3/zkachwal/ELSA_D3/1374_image_gen1.png,ai-generated
/data3/zkachwal/ELSA_D3/1376_image_gen2.png,ai-generated
/data3/zkachwal/ELSA_D3/1377_image_gen0.png,ai-generated
/data3/zkachwal/ELSA_D3/1378_image_gen2.png,ai-generated
/data3/zkachwal/ELSA_D3/1378_image_gen3.png,ai-generated
/data3/zkachwal/ELSA_D3/1379_image_gen0.png,ai-generated
/data3/zkachwal/ELSA_D3/1381_image_gen1.png,ai-generated
/data3/zkachwal/ELSA_D3/1381_image_gen3.png,ai-generated
/data3/zkachwal/ELSA_D3/1382_image_gen2.png,ai-generated
/data3/zkachwal/ELSA_D3/1382_image_gen3.png,ai-generated
/data3/zkachwal/ELSA_D3/1387_real.png,real
/data3/zkachwal/ELSA_D3/1387_image_gen3.png,ai-generated
/data3/zkachwal/ELSA_D3/1390_image_gen1.png,ai-generated
/data3/zkachwal/ELSA_D3/1391_image_gen3.png,ai-generated
/data3/zkachwal/ELSA_D3/1393_image_gen2.png,ai-generated
/data3/zkachwal/ELSA_D3/1397_real.png,real
/data3/zkachwal/ELSA_D3/1397_image_gen2.png,ai-generated
/data3/zkachwal/ELSA_D3/1399_real.png,real
/data3/zkachwal/ELSA_D3/1399_image_gen2.png,ai-generated
/data3/zkachwal/ELSA_D3/1400_image_gen1.png,ai-generated
/data3/zkachwal/ELSA_D3/1406_real.png,real
/data3/zkachwal/ELSA_D3/1406_image_gen1.png,ai-generated
/data3/zkachwal/ELSA_D3/1407_image_gen2.png,ai-generated
/data3/zkachwal/ELSA_D3/1409_image_gen0.png,ai-generated
/data3/zkachwal/ELSA_D3/1409_image_gen1.png,ai-generated
/data3/zkachwal/ELSA_D3/1411_real.png,real
/data3/zkachwal/ELSA_D3/1411_image_gen2.png,ai-generated
/data3/zkachwal/ELSA_D3/1411_image_gen3.png,ai-generated
/data3/zkachwal/ELSA_D3/1412_image_gen0.png,ai-generated
/data3/zkachwal/ELSA_D3/1412_image_gen2.png,ai-generated
/data3/zkachwal/ELSA_D3/1413_real.png,real
/data3/zkachwal/ELSA_D3/1414_image_gen1.png,ai-generated
/data3/zkachwal/ELSA_D3/1415_real.png,real
/data3/zkachwal/ELSA_D3/1416_image_gen3.png,ai-generated
/data3/zkachwal/ELSA_D3/1417_real.png,real
/data3/zkachwal/ELSA_D3/1417_image_gen0.png,ai-generated
/data3/zkachwal/ELSA_D3/1417_image_gen2.png,ai-generated
/data3/zkachwal/ELSA_D3/1420_image_gen0.png,ai-generated
/data3/zkachwal/ELSA_D3/1421_real.png,real
/data3/zkachwal/ELSA_D3/1421_image_gen1.png,ai-generated
/data3/zkachwal/ELSA_D3/1422_image_gen0.png,ai-generated
/data3/zkachwal/ELSA_D3/1422_image_gen3.png,ai-generated
/data3/zkachwal/ELSA_D3/1425_image_gen1.png,ai-generated
/data3/zkachwal/ELSA_D3/1429_image_gen2.png,ai-generated
/data3/zkachwal/ELSA_D3/1429_image_gen3.png,ai-generated
/data3/zkachwal/ELSA_D3/1433_image_gen1.png,ai-generated
/data3/zkachwal/ELSA_D3/1435_image_gen3.png,ai-generated
/data3/zkachwal/ELSA_D3/1437_image_gen2.png,ai-generated
/data3/zkachwal/ELSA_D3/1438_image_gen3.png,ai-generated
/data3/zkachwal/ELSA_D3/1439_image_gen2.png,ai-generated
/data3/zkachwal/ELSA_D3/1440_real.png,real
/data3/zkachwal/ELSA_D3/1440_image_gen1.png,ai-generated
/data3/zkachwal/ELSA_D3/1441_image_gen2.png,ai-generated
/data3/zkachwal/ELSA_D3/1448_image_gen1.png,ai-generated
/data3/zkachwal/ELSA_D3/1450_image_gen2.png,ai-generated
/data3/zkachwal/ELSA_D3/1452_image_gen0.png,ai-generated
/data3/zkachwal/ELSA_D3/1452_image_gen3.png,ai-generated
/data3/zkachwal/ELSA_D3/1456_image_gen0.png,ai-generated
/data3/zkachwal/ELSA_D3/1456_image_gen2.png,ai-generated
/data3/zkachwal/ELSA_D3/1457_image_gen3.png,ai-generated
/data3/zkachwal/ELSA_D3/1458_image_gen0.png,ai-generated
/data3/zkachwal/ELSA_D3/1460_image_gen0.png,ai-generated
/data3/zkachwal/ELSA_D3/1460_image_gen2.png,ai-generated
/data3/zkachwal/ELSA_D3/1461_image_gen0.png,ai-generated
/data3/zkachwal/ELSA_D3/1461_image_gen1.png,ai-generated
/data3/zkachwal/ELSA_D3/1465_real.png,real
/data3/zkachwal/ELSA_D3/1465_image_gen3.png,ai-generated
/data3/zkachwal/ELSA_D3/1467_image_gen3.png,ai-generated
/data3/zkachwal/ELSA_D3/1469_image_gen0.png,ai-generated
/data3/zkachwal/ELSA_D3/1473_image_gen0.png,ai-generated
/data3/zkachwal/ELSA_D3/1473_image_gen3.png,ai-generated
/data3/zkachwal/ELSA_D3/1475_real.png,real
/data3/zkachwal/ELSA_D3/1478_image_gen3.png,ai-generated
/data3/zkachwal/ELSA_D3/1479_image_gen3.png,ai-generated
/data3/zkachwal/ELSA_D3/1481_image_gen3.png,ai-generated
/data3/zkachwal/ELSA_D3/1482_image_gen0.png,ai-generated
/data3/zkachwal/ELSA_D3/1483_image_gen0.png,ai-generated
/data3/zkachwal/ELSA_D3/1483_image_gen1.png,ai-generated
/data3/zkachwal/ELSA_D3/1486_image_gen2.png,ai-generated
/data3/zkachwal/ELSA_D3/1486_image_gen3.png,ai-generated
/data3/zkachwal/ELSA_D3/1487_image_gen0.png,ai-generated
/data3/zkachwal/ELSA_D3/1487_image_gen3.png,ai-generated
/data3/zkachwal/ELSA_D3/1488_image_gen3.png,ai-generated
/data3/zkachwal/ELSA_D3/1490_image_gen2.png,ai-generated
/data3/zkachwal/ELSA_D3/1490_image_gen3.png,ai-generated
/data3/zkachwal/ELSA_D3/1491_image_gen0.png,ai-generated
/data3/zkachwal/ELSA_D3/1491_image_gen2.png,ai-generated
/data3/zkachwal/ELSA_D3/1494_image_gen2.png,ai-generated
/data3/zkachwal/ELSA_D3/1496_image_gen1.png,ai-generated
/data3/zkachwal/ELSA_D3/1496_image_gen2.png,ai-generated
/data3/zkachwal/ELSA_D3/1497_real.png,real
/data3/zkachwal/ELSA_D3/1499_image_gen1.png,ai-generated
/data3/zkachwal/ELSA_D3/1500_image_gen3.png,ai-generated
/data3/zkachwal/ELSA_D3/1502_image_gen0.png,ai-generated
/data3/zkachwal/ELSA_D3/1502_image_gen2.png,ai-generated
/data3/zkachwal/ELSA_D3/1505_real.png,real
/data3/zkachwal/ELSA_D3/1505_image_gen1.png,ai-generated
/data3/zkachwal/ELSA_D3/1506_real.png,real
/data3/zkachwal/ELSA_D3/1506_image_gen0.png,ai-generated
/data3/zkachwal/ELSA_D3/1507_image_gen2.png,ai-generated
/data3/zkachwal/ELSA_D3/1508_real.png,real
/data3/zkachwal/ELSA_D3/1508_image_gen0.png,ai-generated
/data3/zkachwal/ELSA_D3/1508_image_gen1.png,ai-generated
/data3/zkachwal/ELSA_D3/1508_image_gen3.png,ai-generated
/data3/zkachwal/ELSA_D3/1510_image_gen2.png,ai-generated
/data3/zkachwal/ELSA_D3/1514_image_gen2.png,ai-generated
/data3/zkachwal/ELSA_D3/1516_image_gen2.png,ai-generated
/data3/zkachwal/ELSA_D3/1519_image_gen1.png,ai-generated
/data3/zkachwal/ELSA_D3/1521_image_gen0.png,ai-generated
/data3/zkachwal/ELSA_D3/1522_image_gen1.png,ai-generated
/data3/zkachwal/ELSA_D3/1522_image_gen2.png,ai-generated
/data3/zkachwal/ELSA_D3/1523_image_gen0.png,ai-generated
/data3/zkachwal/ELSA_D3/1523_image_gen1.png,ai-generated
/data3/zkachwal/ELSA_D3/1525_real.png,real
/data3/zkachwal/ELSA_D3/1526_image_gen0.png,ai-generated
/data3/zkachwal/ELSA_D3/1527_image_gen3.png,ai-generated
/data3/zkachwal/ELSA_D3/1528_image_gen0.png,ai-generated
/data3/zkachwal/ELSA_D3/1528_image_gen3.png,ai-generated
/data3/zkachwal/ELSA_D3/1532_image_gen2.png,ai-generated
/data3/zkachwal/ELSA_D3/1533_real.png,real
/data3/zkachwal/ELSA_D3/1533_image_gen0.png,ai-generated
/data3/zkachwal/ELSA_D3/1535_real.png,real
/data3/zkachwal/ELSA_D3/1539_real.png,real
/data3/zkachwal/ELSA_D3/1540_image_gen3.png,ai-generated
/data3/zkachwal/ELSA_D3/1541_image_gen3.png,ai-generated
/data3/zkachwal/ELSA_D3/1542_image_gen2.png,ai-generated
/data3/zkachwal/ELSA_D3/1543_image_gen1.png,ai-generated
/data3/zkachwal/ELSA_D3/1545_real.png,real
/data3/zkachwal/ELSA_D3/1545_image_gen0.png,ai-generated
/data3/zkachwal/ELSA_D3/1545_image_gen1.png,ai-generated
/data3/zkachwal/ELSA_D3/1546_real.png,real
/data3/zkachwal/ELSA_D3/1547_image_gen2.png,ai-generated
/data3/zkachwal/ELSA_D3/1548_image_gen1.png,ai-generated
/data3/zkachwal/ELSA_D3/1551_real.png,real
/data3/zkachwal/ELSA_D3/1551_image_gen1.png,ai-generated
/data3/zkachwal/ELSA_D3/1552_image_gen2.png,ai-generated
/data3/zkachwal/ELSA_D3/1554_image_gen2.png,ai-generated
/data3/zkachwal/ELSA_D3/1556_image_gen1.png,ai-generated
/data3/zkachwal/ELSA_D3/1558_image_gen0.png,ai-generated
/data3/zkachwal/ELSA_D3/1558_image_gen1.png,ai-generated
/data3/zkachwal/ELSA_D3/1559_real.png,real
/data3/zkachwal/ELSA_D3/1560_image_gen0.png,ai-generated
/data3/zkachwal/ELSA_D3/1561_image_gen0.png,ai-generated
/data3/zkachwal/ELSA_D3/1562_real.png,real
/data3/zkachwal/ELSA_D3/1562_image_gen0.png,ai-generated
/data3/zkachwal/ELSA_D3/1562_image_gen3.png,ai-generated
/data3/zkachwal/ELSA_D3/1568_real.png,real
/data3/zkachwal/ELSA_D3/1568_image_gen3.png,ai-generated
/data3/zkachwal/ELSA_D3/1569_real.png,real
/data3/zkachwal/ELSA_D3/1569_image_gen2.png,ai-generated
/data3/zkachwal/ELSA_D3/1572_real.png,real
/data3/zkachwal/ELSA_D3/1572_image_gen3.png,ai-generated
/data3/zkachwal/ELSA_D3/1573_image_gen2.png,ai-generated
/data3/zkachwal/ELSA_D3/1574_image_gen0.png,ai-generated
/data3/zkachwal/ELSA_D3/1574_image_gen2.png,ai-generated
/data3/zkachwal/ELSA_D3/1574_image_gen3.png,ai-generated
/data3/zkachwal/ELSA_D3/1576_image_gen1.png,ai-generated
/data3/zkachwal/ELSA_D3/1578_image_gen3.png,ai-generated
/data3/zkachwal/ELSA_D3/1580_real.png,real
/data3/zkachwal/ELSA_D3/1582_image_gen3.png,ai-generated
/data3/zkachwal/ELSA_D3/1586_image_gen3.png,ai-generated
/data3/zkachwal/ELSA_D3/1587_image_gen3.png,ai-generated
/data3/zkachwal/ELSA_D3/1588_image_gen2.png,ai-generated
/data3/zkachwal/ELSA_D3/1591_image_gen1.png,ai-generated
/data3/zkachwal/ELSA_D3/1591_image_gen3.png,ai-generated
/data3/zkachwal/ELSA_D3/1593_real.png,real
/data3/zkachwal/ELSA_D3/1593_image_gen2.png,ai-generated
/data3/zkachwal/ELSA_D3/1594_image_gen2.png,ai-generated
/data3/zkachwal/ELSA_D3/1595_image_gen0.png,ai-generated
/data3/zkachwal/ELSA_D3/1595_image_gen2.png,ai-generated
/data3/zkachwal/ELSA_D3/1597_real.png,real
/data3/zkachwal/ELSA_D3/1597_image_gen0.png,ai-generated
/data3/zkachwal/ELSA_D3/1598_image_gen1.png,ai-generated
/data3/zkachwal/ELSA_D3/1599_image_gen1.png,ai-generated
/data3/zkachwal/ELSA_D3/1600_image_gen0.png,ai-generated
/data3/zkachwal/ELSA_D3/1601_image_gen3.png,ai-generated
/data3/zkachwal/ELSA_D3/1604_real.png,real
/data3/zkachwal/ELSA_D3/1604_image_gen1.png,ai-generated
/data3/zkachwal/ELSA_D3/1605_image_gen0.png,ai-generated
/data3/zkachwal/ELSA_D3/1608_image_gen1.png,ai-generated
/data3/zkachwal/ELSA_D3/1609_real.png,real
/data3/zkachwal/ELSA_D3/1610_image_gen2.png,ai-generated
/data3/zkachwal/ELSA_D3/1612_image_gen1.png,ai-generated
/data3/zkachwal/ELSA_D3/1613_image_gen0.png,ai-generated
/data3/zkachwal/ELSA_D3/1615_image_gen3.png,ai-generated
/data3/zkachwal/ELSA_D3/1616_image_gen2.png,ai-generated
/data3/zkachwal/ELSA_D3/1617_real.png,real
/data3/zkachwal/ELSA_D3/1619_real.png,real
/data3/zkachwal/ELSA_D3/1621_real.png,real
/data3/zkachwal/ELSA_D3/1621_image_gen3.png,ai-generated
/data3/zkachwal/ELSA_D3/1622_image_gen3.png,ai-generated
/data3/zkachwal/ELSA_D3/1625_image_gen0.png,ai-generated
/data3/zkachwal/ELSA_D3/1626_image_gen3.png,ai-generated
/data3/zkachwal/ELSA_D3/1627_image_gen2.png,ai-generated
/data3/zkachwal/ELSA_D3/1628_real.png,real
/data3/zkachwal/ELSA_D3/1628_image_gen2.png,ai-generated
/data3/zkachwal/ELSA_D3/1629_real.png,real
/data3/zkachwal/ELSA_D3/1630_image_gen0.png,ai-generated
/data3/zkachwal/ELSA_D3/1630_image_gen2.png,ai-generated
/data3/zkachwal/ELSA_D3/1631_image_gen2.png,ai-generated
/data3/zkachwal/ELSA_D3/1633_image_gen0.png,ai-generated
/data3/zkachwal/ELSA_D3/1633_image_gen1.png,ai-generated
/data3/zkachwal/ELSA_D3/1635_image_gen0.png,ai-generated
/data3/zkachwal/ELSA_D3/1636_image_gen0.png,ai-generated
/data3/zkachwal/ELSA_D3/1639_image_gen0.png,ai-generated
/data3/zkachwal/ELSA_D3/1640_image_gen1.png,ai-generated
/data3/zkachwal/ELSA_D3/1641_image_gen2.png,ai-generated
/data3/zkachwal/ELSA_D3/1641_image_gen3.png,ai-generated
/data3/zkachwal/ELSA_D3/1644_real.png,real
/data3/zkachwal/ELSA_D3/1644_image_gen1.png,ai-generated
/data3/zkachwal/ELSA_D3/1645_real.png,real
/data3/zkachwal/ELSA_D3/1647_image_gen2.png,ai-generated
/data3/zkachwal/ELSA_D3/1647_image_gen3.png,ai-generated
/data3/zkachwal/ELSA_D3/1649_image_gen0.png,ai-generated
/data3/zkachwal/ELSA_D3/1649_image_gen2.png,ai-generated
/data3/zkachwal/ELSA_D3/1650_real.png,real
/data3/zkachwal/ELSA_D3/1651_real.png,real
/data3/zkachwal/ELSA_D3/1651_image_gen1.png,ai-generated
/data3/zkachwal/ELSA_D3/1654_real.png,real
/data3/zkachwal/ELSA_D3/1654_image_gen0.png,ai-generated
/data3/zkachwal/ELSA_D3/1654_image_gen2.png,ai-generated
/data3/zkachwal/ELSA_D3/1655_real.png,real
/data3/zkachwal/ELSA_D3/1655_image_gen1.png,ai-generated
/data3/zkachwal/ELSA_D3/1655_image_gen3.png,ai-generated
/data3/zkachwal/ELSA_D3/1656_image_gen1.png,ai-generated
/data3/zkachwal/ELSA_D3/1656_image_gen3.png,ai-generated
/data3/zkachwal/ELSA_D3/1658_real.png,real
/data3/zkachwal/ELSA_D3/1658_image_gen1.png,ai-generated
/data3/zkachwal/ELSA_D3/1659_image_gen1.png,ai-generated
/data3/zkachwal/ELSA_D3/1660_image_gen0.png,ai-generated
/data3/zkachwal/ELSA_D3/1660_image_gen1.png,ai-generated
/data3/zkachwal/ELSA_D3/1661_image_gen3.png,ai-generated
/data3/zkachwal/ELSA_D3/1662_image_gen0.png,ai-generated
/data3/zkachwal/ELSA_D3/1662_image_gen2.png,ai-generated
/data3/zkachwal/ELSA_D3/1663_image_gen1.png,ai-generated
/data3/zkachwal/ELSA_D3/1664_real.png,real
/data3/zkachwal/ELSA_D3/1664_image_gen2.png,ai-generated
/data3/zkachwal/ELSA_D3/1664_image_gen3.png,ai-generated
/data3/zkachwal/ELSA_D3/1665_image_gen0.png,ai-generated
/data3/zkachwal/ELSA_D3/1665_image_gen1.png,ai-generated
/data3/zkachwal/ELSA_D3/1666_image_gen2.png,ai-generated
/data3/zkachwal/ELSA_D3/1667_image_gen1.png,ai-generated
/data3/zkachwal/ELSA_D3/1667_image_gen3.png,ai-generated
/data3/zkachwal/ELSA_D3/1670_image_gen2.png,ai-generated
/data3/zkachwal/ELSA_D3/1677_image_gen2.png,ai-generated
/data3/zkachwal/ELSA_D3/1682_real.png,real
/data3/zkachwal/ELSA_D3/1683_real.png,real
/data3/zkachwal/ELSA_D3/1683_image_gen2.png,ai-generated
/data3/zkachwal/ELSA_D3/1684_real.png,real
/data3/zkachwal/ELSA_D3/1685_image_gen0.png,ai-generated
/data3/zkachwal/ELSA_D3/1685_image_gen1.png,ai-generated
/data3/zkachwal/ELSA_D3/1686_real.png,real
/data3/zkachwal/ELSA_D3/1686_image_gen0.png,ai-generated
/data3/zkachwal/ELSA_D3/1691_real.png,real
/data3/zkachwal/ELSA_D3/1691_image_gen0.png,ai-generated
/data3/zkachwal/ELSA_D3/1692_image_gen2.png,ai-generated
/data3/zkachwal/ELSA_D3/1693_real.png,real
/data3/zkachwal/ELSA_D3/1694_image_gen3.png,ai-generated
/data3/zkachwal/ELSA_D3/1695_image_gen0.png,ai-generated
/data3/zkachwal/ELSA_D3/1697_image_gen0.png,ai-generated
/data3/zkachwal/ELSA_D3/1703_real.png,real
/data3/zkachwal/ELSA_D3/1703_image_gen1.png,ai-generated
/data3/zkachwal/ELSA_D3/1703_image_gen3.png,ai-generated
/data3/zkachwal/ELSA_D3/1705_real.png,real
/data3/zkachwal/ELSA_D3/1707_image_gen0.png,ai-generated
/data3/zkachwal/ELSA_D3/1708_image_gen0.png,ai-generated
/data3/zkachwal/ELSA_D3/1709_real.png,real
/data3/zkachwal/ELSA_D3/1709_image_gen2.png,ai-generated
/data3/zkachwal/ELSA_D3/1710_image_gen0.png,ai-generated
/data3/zkachwal/ELSA_D3/1710_image_gen1.png,ai-generated
/data3/zkachwal/ELSA_D3/1710_image_gen2.png,ai-generated
/data3/zkachwal/ELSA_D3/1710_image_gen3.png,ai-generated
/data3/zkachwal/ELSA_D3/1711_image_gen1.png,ai-generated
/data3/zkachwal/ELSA_D3/1711_image_gen3.png,ai-generated
/data3/zkachwal/ELSA_D3/1712_real.png,real
/data3/zkachwal/ELSA_D3/1712_image_gen1.png,ai-generated
/data3/zkachwal/ELSA_D3/1713_real.png,real
/data3/zkachwal/ELSA_D3/1713_image_gen0.png,ai-generated
/data3/zkachwal/ELSA_D3/1713_image_gen3.png,ai-generated
/data3/zkachwal/ELSA_D3/1717_image_gen0.png,ai-generated
/data3/zkachwal/ELSA_D3/1718_real.png,real
/data3/zkachwal/ELSA_D3/1718_image_gen2.png,ai-generated
/data3/zkachwal/ELSA_D3/1719_real.png,real
/data3/zkachwal/ELSA_D3/1719_image_gen0.png,ai-generated
/data3/zkachwal/ELSA_D3/1722_image_gen3.png,ai-generated
/data3/zkachwal/ELSA_D3/1724_image_gen1.png,ai-generated
/data3/zkachwal/ELSA_D3/1725_image_gen0.png,ai-generated
/data3/zkachwal/ELSA_D3/1727_image_gen2.png,ai-generated
/data3/zkachwal/ELSA_D3/1728_real.png,real
/data3/zkachwal/ELSA_D3/1728_image_gen2.png,ai-generated
/data3/zkachwal/ELSA_D3/1731_image_gen3.png,ai-generated
/data3/zkachwal/ELSA_D3/1733_image_gen3.png,ai-generated
/data3/zkachwal/ELSA_D3/1734_real.png,real
/data3/zkachwal/ELSA_D3/1736_image_gen3.png,ai-generated
/data3/zkachwal/ELSA_D3/1737_real.png,real
/data3/zkachwal/ELSA_D3/1738_real.png,real
/data3/zkachwal/ELSA_D3/1738_image_gen1.png,ai-generated
/data3/zkachwal/ELSA_D3/1738_image_gen2.png,ai-generated
/data3/zkachwal/ELSA_D3/1739_real.png,real
/data3/zkachwal/ELSA_D3/1739_image_gen0.png,ai-generated
/data3/zkachwal/ELSA_D3/1739_image_gen2.png,ai-generated
/data3/zkachwal/ELSA_D3/1740_real.png,real
/data3/zkachwal/ELSA_D3/1740_image_gen0.png,ai-generated
/data3/zkachwal/ELSA_D3/1740_image_gen1.png,ai-generated
/data3/zkachwal/ELSA_D3/1740_image_gen2.png,ai-generated
/data3/zkachwal/ELSA_D3/1743_image_gen0.png,ai-generated
/data3/zkachwal/ELSA_D3/1744_image_gen0.png,ai-generated
/data3/zkachwal/ELSA_D3/1746_real.png,real
/data3/zkachwal/ELSA_D3/1747_image_gen1.png,ai-generated
/data3/zkachwal/ELSA_D3/1747_image_gen3.png,ai-generated
/data3/zkachwal/ELSA_D3/1748_image_gen3.png,ai-generated
/data3/zkachwal/ELSA_D3/1749_image_gen0.png,ai-generated
/data3/zkachwal/ELSA_D3/1752_image_gen2.png,ai-generated
/data3/zkachwal/ELSA_D3/1752_image_gen3.png,ai-generated
/data3/zkachwal/ELSA_D3/1758_image_gen0.png,ai-generated
/data3/zkachwal/ELSA_D3/1758_image_gen1.png,ai-generated
/data3/zkachwal/ELSA_D3/1758_image_gen2.png,ai-generated
/data3/zkachwal/ELSA_D3/1759_image_gen2.png,ai-generated
/data3/zkachwal/ELSA_D3/1760_real.png,real
/data3/zkachwal/ELSA_D3/1762_real.png,real
/data3/zkachwal/ELSA_D3/1762_image_gen0.png,ai-generated
/data3/zkachwal/ELSA_D3/1763_image_gen0.png,ai-generated
/data3/zkachwal/ELSA_D3/1763_image_gen3.png,ai-generated
/data3/zkachwal/ELSA_D3/1769_image_gen1.png,ai-generated
/data3/zkachwal/ELSA_D3/1770_real.png,real
/data3/zkachwal/ELSA_D3/1770_image_gen1.png,ai-generated
/data3/zkachwal/ELSA_D3/1770_image_gen2.png,ai-generated
/data3/zkachwal/ELSA_D3/1771_image_gen1.png,ai-generated
/data3/zkachwal/ELSA_D3/1771_image_gen2.png,ai-generated
/data3/zkachwal/ELSA_D3/1771_image_gen3.png,ai-generated
/data3/zkachwal/ELSA_D3/1773_real.png,real
/data3/zkachwal/ELSA_D3/1773_image_gen0.png,ai-generated
/data3/zkachwal/ELSA_D3/1773_image_gen1.png,ai-generated
/data3/zkachwal/ELSA_D3/1773_image_gen2.png,ai-generated
/data3/zkachwal/ELSA_D3/1776_image_gen0.png,ai-generated
/data3/zkachwal/ELSA_D3/1776_image_gen1.png,ai-generated
/data3/zkachwal/ELSA_D3/1777_real.png,real
/data3/zkachwal/ELSA_D3/1777_image_gen0.png,ai-generated
/data3/zkachwal/ELSA_D3/1778_real.png,real
/data3/zkachwal/ELSA_D3/1779_image_gen0.png,ai-generated
/data3/zkachwal/ELSA_D3/1780_real.png,real
/data3/zkachwal/ELSA_D3/1780_image_gen3.png,ai-generated
/data3/zkachwal/ELSA_D3/1781_image_gen1.png,ai-generated
/data3/zkachwal/ELSA_D3/1782_image_gen2.png,ai-generated
/data3/zkachwal/ELSA_D3/1785_image_gen2.png,ai-generated
/data3/zkachwal/ELSA_D3/1786_image_gen1.png,ai-generated
/data3/zkachwal/ELSA_D3/1786_image_gen2.png,ai-generated
/data3/zkachwal/ELSA_D3/1786_image_gen3.png,ai-generated
/data3/zkachwal/ELSA_D3/1787_image_gen1.png,ai-generated
/data3/zkachwal/ELSA_D3/1787_image_gen3.png,ai-generated
/data3/zkachwal/ELSA_D3/1789_image_gen1.png,ai-generated
/data3/zkachwal/ELSA_D3/1790_image_gen0.png,ai-generated
/data3/zkachwal/ELSA_D3/1793_image_gen1.png,ai-generated
/data3/zkachwal/ELSA_D3/1795_real.png,real
/data3/zkachwal/ELSA_D3/1795_image_gen2.png,ai-generated
/data3/zkachwal/ELSA_D3/1796_image_gen0.png,ai-generated
/data3/zkachwal/ELSA_D3/1796_image_gen3.png,ai-generated
/data3/zkachwal/ELSA_D3/1797_real.png,real
/data3/zkachwal/ELSA_D3/1797_image_gen2.png,ai-generated
/data3/zkachwal/ELSA_D3/1798_real.png,real
/data3/zkachwal/ELSA_D3/1800_real.png,real
/data3/zkachwal/ELSA_D3/1800_image_gen3.png,ai-generated
/data3/zkachwal/ELSA_D3/1801_real.png,real
/data3/zkachwal/ELSA_D3/1801_image_gen1.png,ai-generated
/data3/zkachwal/ELSA_D3/1801_image_gen3.png,ai-generated
/data3/zkachwal/ELSA_D3/1803_image_gen1.png,ai-generated
/data3/zkachwal/ELSA_D3/1805_image_gen0.png,ai-generated
/data3/zkachwal/ELSA_D3/1806_real.png,real
/data3/zkachwal/ELSA_D3/1807_image_gen2.png,ai-generated
/data3/zkachwal/ELSA_D3/1808_image_gen1.png,ai-generated
/data3/zkachwal/ELSA_D3/1809_image_gen3.png,ai-generated
/data3/zkachwal/ELSA_D3/1813_image_gen1.png,ai-generated
/data3/zkachwal/ELSA_D3/1813_image_gen2.png,ai-generated
/data3/zkachwal/ELSA_D3/1815_image_gen3.png,ai-generated
/data3/zkachwal/ELSA_D3/1816_image_gen2.png,ai-generated
/data3/zkachwal/ELSA_D3/1819_image_gen0.png,ai-generated
/data3/zkachwal/ELSA_D3/1819_image_gen3.png,ai-generated
/data3/zkachwal/ELSA_D3/1820_real.png,real
/data3/zkachwal/ELSA_D3/1820_image_gen2.png,ai-generated
/data3/zkachwal/ELSA_D3/1820_image_gen3.png,ai-generated
/data3/zkachwal/ELSA_D3/1822_real.png,real
/data3/zkachwal/ELSA_D3/1823_image_gen0.png,ai-generated
/data3/zkachwal/ELSA_D3/1825_image_gen3.png,ai-generated
/data3/zkachwal/ELSA_D3/1828_image_gen0.png,ai-generated
/data3/zkachwal/ELSA_D3/1829_image_gen0.png,ai-generated
/data3/zkachwal/ELSA_D3/1830_image_gen0.png,ai-generated
/data3/zkachwal/ELSA_D3/1830_image_gen1.png,ai-generated
/data3/zkachwal/ELSA_D3/1832_image_gen2.png,ai-generated
/data3/zkachwal/ELSA_D3/1834_image_gen2.png,ai-generated
/data3/zkachwal/ELSA_D3/1835_image_gen3.png,ai-generated
/data3/zkachwal/ELSA_D3/1838_real.png,real
/data3/zkachwal/ELSA_D3/1840_image_gen0.png,ai-generated
/data3/zkachwal/ELSA_D3/1840_image_gen1.png,ai-generated
/data3/zkachwal/ELSA_D3/1841_image_gen0.png,ai-generated
/data3/zkachwal/ELSA_D3/1842_image_gen2.png,ai-generated
/data3/zkachwal/ELSA_D3/1843_image_gen2.png,ai-generated
/data3/zkachwal/ELSA_D3/1844_image_gen0.png,ai-generated
/data3/zkachwal/ELSA_D3/1844_image_gen1.png,ai-generated
/data3/zkachwal/ELSA_D3/1846_real.png,real
/data3/zkachwal/ELSA_D3/1847_real.png,real
/data3/zkachwal/ELSA_D3/1847_image_gen0.png,ai-generated
/data3/zkachwal/ELSA_D3/1848_real.png,real
/data3/zkachwal/ELSA_D3/1848_image_gen0.png,ai-generated
/data3/zkachwal/ELSA_D3/1848_image_gen1.png,ai-generated
/data3/zkachwal/ELSA_D3/1850_real.png,real
/data3/zkachwal/ELSA_D3/1853_real.png,real
/data3/zkachwal/ELSA_D3/1853_image_gen0.png,ai-generated
/data3/zkachwal/ELSA_D3/1854_real.png,real
/data3/zkachwal/ELSA_D3/1854_image_gen0.png,ai-generated
/data3/zkachwal/ELSA_D3/1855_image_gen0.png,ai-generated
/data3/zkachwal/ELSA_D3/1856_real.png,real
/data3/zkachwal/ELSA_D3/1856_image_gen2.png,ai-generated
/data3/zkachwal/ELSA_D3/1857_image_gen0.png,ai-generated
/data3/zkachwal/ELSA_D3/1858_real.png,real
/data3/zkachwal/ELSA_D3/1858_image_gen3.png,ai-generated
/data3/zkachwal/ELSA_D3/1861_image_gen2.png,ai-generated
/data3/zkachwal/ELSA_D3/1862_real.png,real
/data3/zkachwal/ELSA_D3/1865_image_gen1.png,ai-generated
/data3/zkachwal/ELSA_D3/1865_image_gen3.png,ai-generated
/data3/zkachwal/ELSA_D3/1867_image_gen0.png,ai-generated
/data3/zkachwal/ELSA_D3/1868_image_gen1.png,ai-generated
/data3/zkachwal/ELSA_D3/1868_image_gen3.png,ai-generated
/data3/zkachwal/ELSA_D3/1869_image_gen2.png,ai-generated
/data3/zkachwal/ELSA_D3/1870_real.png,real
/data3/zkachwal/ELSA_D3/1870_image_gen0.png,ai-generated
/data3/zkachwal/ELSA_D3/1870_image_gen2.png,ai-generated
/data3/zkachwal/ELSA_D3/1871_real.png,real
/data3/zkachwal/ELSA_D3/1871_image_gen1.png,ai-generated
/data3/zkachwal/ELSA_D3/1871_image_gen2.png,ai-generated
/data3/zkachwal/ELSA_D3/1871_image_gen3.png,ai-generated
/data3/zkachwal/ELSA_D3/1873_image_gen1.png,ai-generated
/data3/zkachwal/ELSA_D3/1874_image_gen1.png,ai-generated
/data3/zkachwal/ELSA_D3/1874_image_gen2.png,ai-generated
/data3/zkachwal/ELSA_D3/1875_real.png,real
/data3/zkachwal/ELSA_D3/1875_image_gen0.png,ai-generated
/data3/zkachwal/ELSA_D3/1875_image_gen2.png,ai-generated
/data3/zkachwal/ELSA_D3/1876_image_gen1.png,ai-generated
/data3/zkachwal/ELSA_D3/1876_image_gen2.png,ai-generated
/data3/zkachwal/ELSA_D3/1878_real.png,real
/data3/zkachwal/ELSA_D3/1879_image_gen3.png,ai-generated
/data3/zkachwal/ELSA_D3/1880_real.png,real
/data3/zkachwal/ELSA_D3/1880_image_gen0.png,ai-generated
/data3/zkachwal/ELSA_D3/1881_real.png,real
/data3/zkachwal/ELSA_D3/1881_image_gen2.png,ai-generated
/data3/zkachwal/ELSA_D3/1882_image_gen0.png,ai-generated
/data3/zkachwal/ELSA_D3/1886_image_gen3.png,ai-generated
/data3/zkachwal/ELSA_D3/1887_image_gen3.png,ai-generated
/data3/zkachwal/ELSA_D3/1889_real.png,real
/data3/zkachwal/ELSA_D3/1892_real.png,real
/data3/zkachwal/ELSA_D3/1893_image_gen2.png,ai-generated
/data3/zkachwal/ELSA_D3/1893_image_gen3.png,ai-generated
/data3/zkachwal/ELSA_D3/1895_image_gen1.png,ai-generated
/data3/zkachwal/ELSA_D3/1895_image_gen3.png,ai-generated
/data3/zkachwal/ELSA_D3/1897_real.png,real
/data3/zkachwal/ELSA_D3/1898_image_gen0.png,ai-generated
/data3/zkachwal/ELSA_D3/1898_image_gen1.png,ai-generated
/data3/zkachwal/ELSA_D3/1898_image_gen3.png,ai-generated
/data3/zkachwal/ELSA_D3/1902_image_gen0.png,ai-generated
/data3/zkachwal/ELSA_D3/1904_image_gen3.png,ai-generated
/data3/zkachwal/ELSA_D3/1905_real.png,real
/data3/zkachwal/ELSA_D3/1906_image_gen0.png,ai-generated
/data3/zkachwal/ELSA_D3/1906_image_gen1.png,ai-generated
/data3/zkachwal/ELSA_D3/1906_image_gen3.png,ai-generated
/data3/zkachwal/ELSA_D3/1907_image_gen3.png,ai-generated
/data3/zkachwal/ELSA_D3/1908_image_gen1.png,ai-generated
/data3/zkachwal/ELSA_D3/1909_image_gen1.png,ai-generated
/data3/zkachwal/ELSA_D3/1910_real.png,real
/data3/zkachwal/ELSA_D3/1910_image_gen2.png,ai-generated
/data3/zkachwal/ELSA_D3/1914_image_gen1.png,ai-generated
/data3/zkachwal/ELSA_D3/1916_image_gen2.png,ai-generated
/data3/zkachwal/ELSA_D3/1917_image_gen0.png,ai-generated
/data3/zkachwal/ELSA_D3/1917_image_gen1.png,ai-generated
/data3/zkachwal/ELSA_D3/1920_real.png,real
/data3/zkachwal/ELSA_D3/1921_image_gen0.png,ai-generated
/data3/zkachwal/ELSA_D3/1923_image_gen0.png,ai-generated
/data3/zkachwal/ELSA_D3/1924_real.png,real
/data3/zkachwal/ELSA_D3/1924_image_gen3.png,ai-generated
/data3/zkachwal/ELSA_D3/1927_real.png,real
/data3/zkachwal/ELSA_D3/1927_image_gen0.png,ai-generated
/data3/zkachwal/ELSA_D3/1929_image_gen3.png,ai-generated
/data3/zkachwal/ELSA_D3/1930_image_gen0.png,ai-generated
/data3/zkachwal/ELSA_D3/1930_image_gen3.png,ai-generated
/data3/zkachwal/ELSA_D3/1931_image_gen3.png,ai-generated
/data3/zkachwal/ELSA_D3/1932_image_gen3.png,ai-generated
/data3/zkachwal/ELSA_D3/1933_image_gen3.png,ai-generated
/data3/zkachwal/ELSA_D3/1934_real.png,real
/data3/zkachwal/ELSA_D3/1934_image_gen2.png,ai-generated
/data3/zkachwal/ELSA_D3/1934_image_gen3.png,ai-generated
/data3/zkachwal/ELSA_D3/1936_image_gen2.png,ai-generated
/data3/zkachwal/ELSA_D3/1936_image_gen3.png,ai-generated
/data3/zkachwal/ELSA_D3/1939_image_gen1.png,ai-generated
/data3/zkachwal/ELSA_D3/1942_image_gen1.png,ai-generated
/data3/zkachwal/ELSA_D3/1942_image_gen3.png,ai-generated
/data3/zkachwal/ELSA_D3/1944_real.png,real
/data3/zkachwal/ELSA_D3/1944_image_gen0.png,ai-generated
/data3/zkachwal/ELSA_D3/1944_image_gen2.png,ai-generated
/data3/zkachwal/ELSA_D3/1946_image_gen1.png,ai-generated
/data3/zkachwal/ELSA_D3/1949_real.png,real
/data3/zkachwal/ELSA_D3/1949_image_gen3.png,ai-generated
/data3/zkachwal/ELSA_D3/1950_image_gen3.png,ai-generated
/data3/zkachwal/ELSA_D3/1952_image_gen0.png,ai-generated
/data3/zkachwal/ELSA_D3/1955_real.png,real
/data3/zkachwal/ELSA_D3/1955_image_gen0.png,ai-generated
/data3/zkachwal/ELSA_D3/1955_image_gen3.png,ai-generated
/data3/zkachwal/ELSA_D3/1958_real.png,real
/data3/zkachwal/ELSA_D3/1959_image_gen3.png,ai-generated
/data3/zkachwal/ELSA_D3/1962_real.png,real
/data3/zkachwal/ELSA_D3/1962_image_gen2.png,ai-generated
/data3/zkachwal/ELSA_D3/1964_image_gen2.png,ai-generated
/data3/zkachwal/ELSA_D3/1964_image_gen3.png,ai-generated
/data3/zkachwal/ELSA_D3/1967_image_gen0.png,ai-generated
/data3/zkachwal/ELSA_D3/1968_image_gen0.png,ai-generated
/data3/zkachwal/ELSA_D3/1971_real.png,real
/data3/zkachwal/ELSA_D3/1973_image_gen0.png,ai-generated
/data3/zkachwal/ELSA_D3/1973_image_gen3.png,ai-generated
/data3/zkachwal/ELSA_D3/1975_image_gen0.png,ai-generated
/data3/zkachwal/ELSA_D3/1977_real.png,real
/data3/zkachwal/ELSA_D3/1981_image_gen1.png,ai-generated
/data3/zkachwal/ELSA_D3/1982_real.png,real
/data3/zkachwal/ELSA_D3/1983_image_gen0.png,ai-generated
/data3/zkachwal/ELSA_D3/1985_image_gen1.png,ai-generated
/data3/zkachwal/ELSA_D3/1986_image_gen1.png,ai-generated
/data3/zkachwal/ELSA_D3/1987_image_gen1.png,ai-generated
/data3/zkachwal/ELSA_D3/1993_real.png,real
/data3/zkachwal/ELSA_D3/1993_image_gen1.png,ai-generated
/data3/zkachwal/ELSA_D3/1995_image_gen3.png,ai-generated
/data3/zkachwal/ELSA_D3/1998_image_gen1.png,ai-generated
/data3/zkachwal/ELSA_D3/1998_image_gen2.png,ai-generated
/data3/zkachwal/ELSA_D3/1999_image_gen2.png,ai-generated
